{
	"info": {
		"_postman_id": "d53f55f6-c13b-4d31-b539-d5d628b1f8d2",
		"name": "warehouse",
		"schema": "https://schema.getpostman.com/json/collection/v2.1.0/collection.json"
	},
	"item": [
		{
			"name": "receipt type master",
			"item": [
				{
					"name": "receipt type master",
					"request": {
						"method": "POST",
						"header": [],
						"body": {
							"mode": "raw",
							"raw": "{\r\n  \"id\":28,\r\n    \"warehouse_code\":\"qqq\"\r\n}",
							"options": {
								"raw": {
									"language": "json"
								}
							}
						},
						"url": {
							"raw": "{{lwareh}}/receipttypemaster",
							"host": [
								"{{lwareh}}"
							],
							"path": [
								"receipttypemaster"
							],
							"query": [
								{
									"key": "search_key",
									"value": "7270",
									"disabled": true
								},
								{
									"key": "warehouse_code",
									"value": "WHJH001",
									"disabled": true
								},
								{
									"key": "status",
									"value": "Cleared",
									"disabled": true
								},
								{
									"key": "purchase_order_no",
									"value": "PO_0003155",
									"disabled": true
								}
							]
						}
					},
					"response": []
				},
				{
					"name": "receipt type master",
					"protocolProfileBehavior": {
						"disableBodyPruning": true
					},
					"request": {
						"method": "GET",
						"header": [],
						"body": {
							"mode": "raw",
							"raw": "",
							"options": {
								"raw": {
									"language": "json"
								}
							}
						},
						"url": {
							"raw": "{{lwareh}}/receipttypemaster?id=26",
							"host": [
								"{{lwareh}}"
							],
							"path": [
								"receipttypemaster"
							],
							"query": [
								{
									"key": "search_key",
									"value": "7270",
									"disabled": true
								},
								{
									"key": "warehouse_code",
									"value": "WHJH001",
									"disabled": true
								},
								{
									"key": "status",
									"value": "Cleared",
									"disabled": true
								},
								{
									"key": "purchase_order_no",
									"value": "PO_0003155",
									"disabled": true
								},
								{
									"key": "id",
									"value": "26"
								}
							]
						}
					},
					"response": []
				},
				{
					"name": "list receipt type master",
					"protocolProfileBehavior": {
						"disableBodyPruning": true
					},
					"request": {
						"method": "GET",
						"header": [],
						"body": {
							"mode": "raw",
							"raw": "",
							"options": {
								"raw": {
									"language": "json"
								}
							}
						},
						"url": {
							"raw": "{{lwareh}}/listreceipttypemaster",
							"host": [
								"{{lwareh}}"
							],
							"path": [
								"listreceipttypemaster"
							],
							"query": [
								{
									"key": "search_key",
									"value": "7270",
									"disabled": true
								},
								{
									"key": "warehouse_code",
									"value": "WHJH001",
									"disabled": true
								},
								{
									"key": "status",
									"value": "Cleared",
									"disabled": true
								},
								{
									"key": "purchase_order_no",
									"value": "PO_0003155",
									"disabled": true
								}
							]
						}
					},
					"response": []
				}
			]
		},
		{
			"name": "search-po",
			"protocolProfileBehavior": {
				"disableBodyPruning": true
			},
			"request": {
				"method": "GET",
				"header": [],
				"body": {
					"mode": "raw",
					"raw": "{\r\n    // \"sort_key\":\r\n    \r\n}",
					"options": {
						"raw": {
							"language": "json"
						}
					}
				},
				"url": {
					"raw": "{{lwareh}}/searchpo?search_key=Tata Steel Ltd - M&sort_key=supplier_name&limit=5&offset=0",
					"host": [
						"{{lwareh}}"
					],
					"path": [
						"searchpo"
					],
					"query": [
						{
							"key": "search_key",
							"value": "Tata Steel Ltd - M"
						},
						{
							"key": "warehouse_code",
							"value": "WHJH001",
							"disabled": true
						},
						{
							"key": "status",
							"value": "Cleared",
							"disabled": true
						},
						{
							"key": "purchase_order_no",
							"value": "PO_0003155",
							"disabled": true
						},
						{
							"key": "sort_key",
							"value": "supplier_name"
						},
						{
							"key": "limit",
							"value": "5"
						},
						{
							"key": "offset",
							"value": "0"
						}
					]
				}
			},
			"response": []
		},
		{
			"name": "search-po Copy",
			"request": {
				"method": "GET",
				"header": [],
				"url": {
					"raw": "{{lwareh}}/searchpo?sort_key=supplier_name&limit=5&offset=1",
					"host": [
						"{{lwareh}}"
					],
					"path": [
						"searchpo"
					],
					"query": [
						{
							"key": "search_key",
							"value": "7270",
							"disabled": true
						},
						{
							"key": "warehouse_code",
							"value": "WHJH001",
							"disabled": true
						},
						{
							"key": "status",
							"value": "Cleared",
							"disabled": true
						},
						{
							"key": "purchase_order_no",
							"value": "PO_0003155",
							"disabled": true
						},
						{
							"key": "sort_key",
							"value": "supplier_name"
						},
						{
							"key": "limit",
							"value": "5"
						},
						{
							"key": "offset",
							"value": "1"
						}
					]
				}
			},
			"response": []
		},
		{
			"name": "searchjob",
			"request": {
				"method": "GET",
				"header": [],
				"url": {
					"raw": "{{lwareh}}/searchjob?sort_key=supplier_name&limit=5&offset=0",
					"host": [
						"{{lwareh}}"
					],
					"path": [
						"searchjob"
					],
					"query": [
						{
							"key": "search_key",
							"value": "7270",
							"disabled": true
						},
						{
							"key": "warehouse_code",
							"value": "WHJH001",
							"disabled": true
						},
						{
							"key": "status",
							"value": "Cleared",
							"disabled": true
						},
						{
							"key": "purchase_order_no",
							"value": "PO_0003155",
							"disabled": true
						},
						{
							"key": "sort_key",
							"value": "supplier_name"
						},
						{
							"key": "limit",
							"value": "5"
						},
						{
							"key": "offset",
							"value": "0"
						}
					]
				}
			},
			"response": []
		},
		{
			"name": "searchjob Copy",
			"request": {
				"method": "GET",
				"header": [],
				"url": {
					"raw": "{{lwareh}}/searchpo?sort_key=supplier_name&limit=5&offset=1",
					"host": [
						"{{lwareh}}"
					],
					"path": [
						"searchpo"
					],
					"query": [
						{
							"key": "search_key",
							"value": "7270",
							"disabled": true
						},
						{
							"key": "warehouse_code",
							"value": "WHJH001",
							"disabled": true
						},
						{
							"key": "status",
							"value": "Cleared",
							"disabled": true
						},
						{
							"key": "purchase_order_no",
							"value": "PO_0003155",
							"disabled": true
						},
						{
							"key": "sort_key",
							"value": "supplier_name"
						},
						{
							"key": "limit",
							"value": "5"
						},
						{
							"key": "offset",
							"value": "1"
						}
					]
				}
			},
			"response": []
		},
		{
			"name": "getstockreceiptbyims",
			"request": {
				"method": "POST",
				"header": [],
				"body": {
					"mode": "raw",
					"raw": "{\r\n    \"id\":\"WHJH005\",\r\n    \"limit\":4,\r\n    \"offset\":0\r\n}",
					"options": {
						"raw": {
							"language": "json"
						}
					}
				},
				"url": {
					"raw": "{{lwareh}}/getstockreceiptbyims",
					"host": [
						"{{lwareh}}"
					],
					"path": [
						"getstockreceiptbyims"
					],
					"query": [
						{
							"key": "limit",
							"value": "3",
							"disabled": true
						},
						{
							"key": "offset",
							"value": "2",
							"disabled": true
						},
						{
							"key": "purchase_order_no",
							"value": "PO_0003155",
							"disabled": true
						}
					]
				}
			},
			"response": []
		},
		{
			"name": "getstockreceiptbyims Copy",
			"request": {
				"method": "POST",
				"header": [],
				"body": {
					"mode": "raw",
					"raw": "{\r\n    \"id\":\"WHJH005\",\r\n    \"limit\":4,\r\n    \"offset\":1\r\n}",
					"options": {
						"raw": {
							"language": "json"
						}
					}
				},
				"url": {
					"raw": "{{lwareh}}/getstockreceiptbyims",
					"host": [
						"{{lwareh}}"
					],
					"path": [
						"getstockreceiptbyims"
					],
					"query": [
						{
							"key": "limit",
							"value": "3",
							"disabled": true
						},
						{
							"key": "offset",
							"value": "2",
							"disabled": true
						},
						{
							"key": "purchase_order_no",
							"value": "PO_0003155",
							"disabled": true
						}
					]
				}
			},
			"response": []
		},
		{
			"name": "getstockreceiptbyboe",
			"request": {
				"method": "POST",
				"header": [],
				"body": {
					"mode": "raw",
					"raw": "{\r\n    \"id\":\"WHJH005\",\r\n    \"limit\":10,\r\n    \"offset\":0\r\n}",
					"options": {
						"raw": {
							"language": "json"
						}
					}
				},
				"url": {
					"raw": "{{lwareh}}/getstockreceiptbyboe",
					"host": [
						"{{lwareh}}"
					],
					"path": [
						"getstockreceiptbyboe"
					],
					"query": [
						{
							"key": "offset",
							"value": "7",
							"disabled": true
						},
						{
							"key": "purchase_order_no",
							"value": "PO_0003155",
							"disabled": true
						},
						{
							"key": "id",
							"value": "WHJH005",
							"disabled": true
						},
						{
							"key": "limit",
							"value": "3",
							"disabled": true
						}
					]
				}
			},
			"response": []
		},
		{
			"name": "getstockreceiptbyexwh",
			"request": {
				"method": "POST",
				"header": [],
				"body": {
					"mode": "raw",
					"raw": "{\r\n    \"id\":\"WHJH005\",\r\n    \"limit\":10,\r\n    \"offset\":0\r\n}",
					"options": {
						"raw": {
							"language": "json"
						}
					}
				},
				"url": {
					"raw": "{{lwareh}}/getstockreceiptbyexwh",
					"host": [
						"{{lwareh}}"
					],
					"path": [
						"getstockreceiptbyexwh"
					],
					"query": [
						{
							"key": "limit",
							"value": "3",
							"disabled": true
						},
						{
							"key": "offset",
							"value": "2",
							"disabled": true
						},
						{
							"key": "purchase_order_no",
							"value": "PO_0003155",
							"disabled": true
						}
					]
				}
			},
			"response": []
		},
		{
			"name": "getstockreceipt",
			"request": {
				"method": "POST",
				"header": [],
				"body": {
					"mode": "raw",
					"raw": "{\r\n    \"id\":\"WHJH005\",\r\n    // \"start_date\":null,\r\n    // \"end_date\":null,\r\n    \"limit\":2,\r\n    \"offset\":0,\r\n    \"search_key\":\"0000012345699\"\r\n}",
					"options": {
						"raw": {
							"language": "json"
						}
					}
				},
				"url": {
					"raw": "{{lwareh}}/getstockreceipt?limit=3&offset=0",
					"host": [
						"{{lwareh}}"
					],
					"path": [
						"getstockreceipt"
					],
					"query": [
						{
							"key": "limit",
							"value": "3"
						},
						{
							"key": "offset",
							"value": "0"
						},
						{
							"key": "purchase_order_no",
							"value": "PO_0003155",
							"disabled": true
						}
					]
				}
			},
			"response": []
		}
	]
}