{
	"info": {
		"_postman_id": "d8b67171-2242-45a8-b2dd-7497f001cdf4",
		"name": "Warehouse official",
		"schema": "https://schema.getpostman.com/json/collection/v2.1.0/collection.json"
	},
	"item": [
		{
			"name": "Get all UMCs",
			"request": {
				"method": "GET",
				"header": [
					{
						"key": "token",
						"value": "123",
						"type": "text"
					}
				],
				"url": {
					"raw": "localhost:8085/warehouseapi/v1/getAllUMC?warehouse_code=WHJH002",
					"host": [
						"localhost"
					],
					"port": "8085",
					"path": [
						"warehouseapi",
						"v1",
						"getAllUMC"
					],
					"query": [
						{
							"key": "warehouse_code",
							"value": "WHJH002"
						}
					]
				}
			},
			"response": []
		},
		{
			"name": "Job Parse Excel",
			"request": {
				"method": "POST",
				"header": [
					{
						"key": "token",
						"value": "123",
						"type": "text"
					}
				],
				"url": {
					"raw": "localhost:8085/warehouseapi/v1/parsejobexcel",
					"host": [
						"localhost"
					],
					"port": "8085",
					"path": [
						"warehouseapi",
						"v1",
						"parsejobexcel"
					]
				}
			},
			"response": []
		},
		{
			"name": "Image",
			"request": {
				"method": "GET",
				"header": [
					{
						"key": "token",
						"value": "123",
						"type": "text"
					}
				],
				"url": {
					"raw": "localhost:8085/warehouseapi/v1/getAllUMC?warehouse_code=WHJH002",
					"host": [
						"localhost"
					],
					"port": "8085",
					"path": [
						"warehouseapi",
						"v1",
						"getAllUMC"
					],
					"query": [
						{
							"key": "warehouse_code",
							"value": "WHJH002"
						}
					]
				}
			},
			"response": []
		},
		{
			"name": "Bonded Stock Report",
			"request": {
				"method": "POST",
				"header": [
					{
						"key": "token",
						"value": "123",
						"type": "text"
					}
				],
				"body": {
					"mode": "raw",
					"raw": "{\r\n    \"id\":\"WHJH002\",\r\n    \"startdate\":\"2022-01-01\",\r\n    \"enddate\":\"2022-08-24\"\r\n}",
					"options": {
						"raw": {
							"language": "json"
						}
					}
				},
				"url": {
					"raw": "localhost:8085/warehouseapi/v1/getbondedstockreport",
					"host": [
						"localhost"
					],
					"port": "8085",
					"path": [
						"warehouseapi",
						"v1",
						"getbondedstockreport"
					]
				}
			},
			"response": []
		},
		{
			"name": "Downloaded Bonded Stock Report",
			"request": {
				"method": "POST",
				"header": [
					{
						"key": "token",
						"value": "123",
						"type": "text"
					}
				],
				"body": {
					"mode": "raw",
					"raw": "{\r\n    \"id\":\"WHJH002\",\r\n    \"startdate\":\"2022-01-01\",\r\n    \"enddate\":\"2022-08-24\"\r\n}",
					"options": {
						"raw": {
							"language": "json"
						}
					}
				},
				"url": {
					"raw": "localhost:8085/warehouseapi/v1/getbondedstockreport",
					"host": [
						"localhost"
					],
					"port": "8085",
					"path": [
						"warehouseapi",
						"v1",
						"getbondedstockreport"
					]
				}
			},
			"response": []
		},
		{
			"name": "Generate Space Cert",
			"request": {
				"method": "POST",
				"header": [
					{
						"key": "token",
						"value": "123",
						"type": "text"
					}
				],
				"body": {
					"mode": "raw",
					"raw": "{\r\n    \"boe_no\":[\"SWJ/6436/22-23\",\"SWJ/6171/22-23\"],\r\n    \"document_no\":\"TMILL/CBWH/SC/0001/22-23\",\r\n    \"date\":\"2022-09-13\"\r\n}",
					"options": {
						"raw": {
							"language": "json"
						}
					}
				},
				"url": {
					"raw": "localhost:8085/warehouseapi/v1/generateSpaceCert",
					"host": [
						"localhost"
					],
					"port": "8085",
					"path": [
						"warehouseapi",
						"v1",
						"generateSpaceCert"
					]
				}
			},
			"response": []
		},
		{
			"name": "Generate Delivery Challan",
			"request": {
				"method": "POST",
				"header": [
					{
						"key": "token",
						"value": "eyJ0eXAiOiJKV1QiLCJhbGciOiJIUzI1NiJ9.eyJzZWNyZXQiOiJXQVJFSE9VU0UiLCJleHBpcnkiOiIyMDIzLTAyLTIxVDA1OjA4OjQxLjU2NFoifQ.rb1kAhPwaysYkdUqEM_NfkgkH5ZaDohGL8ft3Z0HydY",
						"type": "text"
					}
				],
				"body": {
					"mode": "raw",
					"raw": "{\r\n    \"boe_no\":[\"SWJ/6436/22-23\",\"SWJ/6171/22-23\"],\r\n    \"delivery_challan_no\":\"DELINO_00311\",\r\n    \"date\":\"2022-09-13\"\r\n}",
					"options": {
						"raw": {
							"language": "json"
						}
					}
				},
				"url": {
					"raw": "localhost:8085/warehouseapi/v1/generateDeliveryChallan",
					"host": [
						"localhost"
					],
					"port": "8085",
					"path": [
						"warehouseapi",
						"v1",
						"generateDeliveryChallan"
					]
				}
			},
			"response": []
		},
		{
			"name": "Post Space Cert",
			"request": {
				"method": "POST",
				"header": [
					{
						"key": "token",
						"value": "123",
						"type": "text"
					}
				],
				"body": {
					"mode": "raw",
					"raw": "{\r\n    \"boe_no\":[\"SWJ/6436/22-23\",\"SWJ/6171/22-23\"],\r\n    \"warehouse_code\":\"WHJH001\",\r\n    \"createdby\":\"Admin\"\r\n}",
					"options": {
						"raw": {
							"language": "json"
						}
					}
				},
				"url": {
					"raw": "localhost:8085/warehouseapi/v1/spacecertificate",
					"host": [
						"localhost"
					],
					"port": "8085",
					"path": [
						"warehouseapi",
						"v1",
						"spacecertificate"
					]
				}
			},
			"response": []
		},
		{
			"name": "Put Indent Delivery",
			"request": {
				"method": "PUT",
				"header": [
					{
						"key": "token",
						"value": "123",
						"type": "text"
					}
				],
				"body": {
					"mode": "raw",
					"raw": "{\"proof_of_delivery_id\":\"PODID_00127\",\"delivery_challan_no\":\"DELINO_00243\",\"indent_no\":\"IND_00437\",\"sap_mr_no\":\"Nar_101\",\"vehicle_no\":\"TS01AP0121\",\"transporter_name\":\"Gati Tranport\",\"vehicle_hault_time\":\"2022-09-15T05:01:00.000Z\",\"vehicle_diversion_time\":\"2022-09-16T05:01:00.000Z\",\"gate_entry_time\":\"2022-09-17T05:01:00.000Z\",\"reporting_time\":\"2022-09-18T05:01:00.000Z\",\"release_time\":\"2022-09-19T05:01:00.000Z\",\"unloading_time\":1440,\"detection_period\":1440,\"vehicle_turn_around_time\":2880,\"delivery_weight\":100,\"total_no_of_packages_delivered\":3,\"document_submission_time\":\"2022-09-19T05:01:00.000Z\",\"warehouse_code\":\"WHJH001\",\"warehouse_location\":\"Extended WH KM\",\"createdby\":\"msr@tmilltd.com\",\"updatedby\":\"msr@tmilltd.com\",\"record_type_status\":\"D\",\"incident_status\":\"No\",\"indent_vehicle_reporting_details_id\":576,\"weighing_slip_attachment\":null,\"weighing_slip_attachment_dms_id\":null,\"upload_pod_attachment\":null,\"upload_pod_attachment_dms_id\":null}",
					"options": {
						"raw": {
							"language": "json"
						}
					}
				},
				"url": {
					"raw": "localhost:8085/warehouseapi/v1/delivery",
					"host": [
						"localhost"
					],
					"port": "8085",
					"path": [
						"warehouseapi",
						"v1",
						"delivery"
					]
				}
			},
			"response": []
		},
		{
			"name": "Put Job Details",
			"request": {
				"method": "PUT",
				"header": [
					{
						"key": "token",
						"value": "123",
						"type": "text"
					}
				],
				"body": {
					"mode": "raw",
					"raw": "{\r\n    \"job_id\": \"JOB_0002855\",\r\n    \"job_details\": [\r\n        {\r\n            \"job_creation_deatils_id\": 51523,\r\n            \"umc_no\": \"asd\",\r\n            \"material_description\": \"asdf\",\r\n            \"quantity\": \"1\",\r\n            \"uom\": \"LOT\",\r\n            \"job_id\": \"JOB_0002855\",\r\n            \"job_details_status\": false,\r\n            \"line_item_status\": true,\r\n            \"po_original_quantity\": 8,\r\n            \"job_original_quantity\": \"1\",\r\n            \"po_details_id\": 39038,\r\n            \"rate\": 12,\r\n            \"umc_value\": \"12.00\",\r\n            \"currency\": \"SHP\",\r\n            \"booking_id\": null,\r\n            \"commodity\": \"ETP\",\r\n            \"commodity_type\": \"TIN\"\r\n        }\r\n    ],\r\n    \"warehouse_code\": \"WHJH004\"\r\n}",
					"options": {
						"raw": {
							"language": "json"
						}
					}
				},
				"url": {
					"raw": "localhost:8085/warehouseapi/v1/jobcreationdetails",
					"host": [
						"localhost"
					],
					"port": "8085",
					"path": [
						"warehouseapi",
						"v1",
						"jobcreationdetails"
					]
				}
			},
			"response": []
		},
		{
			"name": "Delete JOB",
			"request": {
				"method": "PUT",
				"header": [
					{
						"key": "token",
						"value": "123",
						"type": "text"
					}
				],
				"body": {
					"mode": "raw",
					"raw": "{\r\n    \"job_id\": \"JOB_0002855\",\r\n    \"job_details\": [\r\n        {\r\n            \"job_creation_deatils_id\": 51523,\r\n            \"umc_no\": \"asd\",\r\n            \"material_description\": \"asdf\",\r\n            \"quantity\": \"1\",\r\n            \"uom\": \"LOT\",\r\n            \"job_id\": \"JOB_0002855\",\r\n            \"job_details_status\": false,\r\n            \"line_item_status\": true,\r\n            \"po_original_quantity\": 8,\r\n            \"job_original_quantity\": \"1\",\r\n            \"po_details_id\": 39038,\r\n            \"rate\": 12,\r\n            \"umc_value\": \"12.00\",\r\n            \"currency\": \"SHP\",\r\n            \"booking_id\": null,\r\n            \"commodity\": \"ETP\",\r\n            \"commodity_type\": \"TIN\"\r\n        }\r\n    ],\r\n    \"warehouse_code\": \"WHJH004\"\r\n}",
					"options": {
						"raw": {
							"language": "json"
						}
					}
				},
				"url": {
					"raw": "localhost:8085/warehouseapi/v1/deletejob",
					"host": [
						"localhost"
					],
					"port": "8085",
					"path": [
						"warehouseapi",
						"v1",
						"deletejob"
					]
				}
			},
			"response": []
		},
		{
			"name": "Post Indent Transporter",
			"request": {
				"method": "POST",
				"header": [
					{
						"key": "token",
						"value": "123",
						"type": "text"
					}
				],
				"body": {
					"mode": "raw",
					"raw": " {\"pickup_date\":\"2022-10-07T09:24:55.027Z\",\"indent_no\":\"IND_00473\",\"consignment_type\":\"Normal\",\"consignment_dimension\":null,\"pickup_location\":\"Extended WH KM\",\"remarks\":\"\",\"delivery_location\":\"HYDERABAD\",\"indent_attachment\":\"test_indent_attachment\",\"warehouse_code\":\"WHJH001\",\"warehouse_location\":\"Extended WH KM\",\"createdby\":\"msr@tmilltd.com\",\"updatedby\":\"msr@tmilltd.com\",\"record_type_status\":\"a\",\"indent_transporter_date\":\"2022-10-07T09:24:55.025Z\",\"transporter_details\":[{\"transporter_id\":\"TRANSPORTER_00007\",\"transporter_name\":\"1\",\"vehicle_type\":\"Lorry_thin\",\"no_of_vehicles\":\"1\",\"quantity\":null,\"uom\":\"Set\",\"indent_transporter_no\":\"TRANSPORTER_00007\",\"email\":\"narasimhareddy.a@msr-it.com\"}]}",
					"options": {
						"raw": {
							"language": "json"
						}
					}
				},
				"url": {
					"raw": "localhost:8085/warehouseapi/v1/indenttransporter",
					"host": [
						"localhost"
					],
					"port": "8085",
					"path": [
						"warehouseapi",
						"v1",
						"indenttransporter"
					]
				}
			},
			"response": []
		},
		{
			"name": "Job Creation",
			"request": {
				"method": "POST",
				"header": [
					{
						"key": "token",
						"value": "eyJ0eXAiOiJKV1QiLCJhbGciOiJIUzI1NiJ9.eyJzZWNyZXQiOiJXQVJFSE9VU0UiLCJleHBpcnkiOiIyMDIzLTAzLTE1VDA1OjI3OjMzLjg3NVoifQ.PqEmREbr92q_rD0Pi-wDZNSo7Jo-Ct2hNvUCtKjviRE",
						"type": "text"
					}
				],
				"body": {
					"mode": "raw",
					"raw": "{\r\n    \"purchase_order_no\": \"batch po 1\",\r\n    \"supplier_name\": \"Narasimha Reddy\",\r\n    \"customer_name\": \"Tata Steel Limited, Agrico Div. Jamshedpur\",\r\n    \"boe_date\": null,\r\n    \"insurance_value\": null,\r\n    \"insurance_currency\": \"INR\",\r\n    \"coming_from\": null,\r\n    \"mode_of_transport\": null,\r\n    \"asn_no\": null,\r\n    \"total_cost\": \"5000.000\",\r\n    \"gross_weight\": \"100.000\",\r\n    \"delivery_eta\": null,\r\n    \"no_of_vehicles\": null,\r\n    \"stn_weight\": null,\r\n    \"stn_uom\": null,\r\n    \"package_uom\": null,\r\n    \"remarks\": null,\r\n    \"cargo_description\": null,\r\n    \"type_of_consignment\": null,\r\n    \"pre_alert_source\": \"Domestic -ECCI\",\r\n    \"receipt_category\": \"Primary\",\r\n    \"bonded_wh_indent_id\": null,\r\n    \"stn_no\": null,\r\n    \"stn_date\": null,\r\n    \"stn_value\": null,\r\n    \"duty_value\": null,\r\n    \"insurance_premium_allocated\": null,\r\n    \"no_of_packages\": null,\r\n    \"stn_currency\": \"INR\",\r\n    \"boe_no\": null,\r\n    \"type_of_boe\": null,\r\n    \"incoterm\": null,\r\n    \"status\": \"New\",\r\n    \"warehouse_code\": \"WHJH005\",\r\n    \"warehouse_location\": \"Agrico WH\",\r\n    \"createdby\": \"msr@tmilltd.com\",\r\n    \"updatedby\": \"msr@tmilltd.com\",\r\n    \"record_type_status\": \"Draft Job\",\r\n    \"job_details\": [\r\n        {\r\n            \"job_creation_deatils_id\": 0,\r\n            \"umc_no\": \"batch umc 1\",\r\n            \"quantity\": \"50\",\r\n            \"currency\": \"AFN\",\r\n            \"rate\": \"100\",\r\n            \"umc_value\": \"5000.00\",\r\n            \"uom\": \"SET\",\r\n            \"material_description\": \"100\",\r\n            \"booking_id\": null,\r\n            \"commodity_type\": \"Window Door\",\r\n            \"commodity\": \"Windows Doors\",\r\n            \"batch_no\": \"batch 1\",\r\n            \"gross_weight\": 60,\r\n            \"package_no\": \"\",\r\n            \"po_details_id\": 39081,\r\n            \"po_original_quantity\": 100\r\n        }\r\n    ],\r\n    \"vehicle_details\": [],\r\n    \"activity_type\": \"Domestic\",\r\n    \"work_order_no\": \"batch wo 1\",\r\n    \"work_order_valid\": null,\r\n    \"exchange_rate\": 1,\r\n    \"total_amount\": null,\r\n    \"packing_list_attachment\": null,\r\n    \"packing_list_attachment_dms_id\": null,\r\n    \"inspection_certificate_attachment\": null,\r\n    \"inspection_certificate_attachment_dms_id\": null,\r\n    \"invoice_attachment\": null,\r\n    \"invoice_attachment_dms_id\": null,\r\n    \"insurance_certificate_attachment\": null,\r\n    \"insurance_certificate_attachment_dms_id\": null,\r\n    \"bl_attachment\": null,\r\n    \"bl_attachment_dms_id\": null,\r\n    \"boe_attachment\": null,\r\n    \"boe_attachment_dms_id\": null\r\n}",
					"options": {
						"raw": {
							"language": "json"
						}
					}
				},
				"url": {
					"raw": "localhost:8085/warehouseapi/v1/jobcreation?job_id=JOB_00002733",
					"host": [
						"localhost"
					],
					"port": "8085",
					"path": [
						"warehouseapi",
						"v1",
						"jobcreation"
					],
					"query": [
						{
							"key": "job_id",
							"value": "JOB_00002733"
						}
					]
				}
			},
			"response": []
		},
		{
			"name": "Secondary Sap",
			"request": {
				"method": "POST",
				"header": [
					{
						"key": "token",
						"value": "123",
						"type": "text"
					}
				],
				"body": {
					"mode": "raw",
					"raw": "{\r\n    \"purchase_order_no\": \"steel k po\",\r\n    \"supplier_name\": \"Narasimha\",\r\n    \"customer_name\": \"Tata Steel Ltd - K\",\r\n    \"boe_date\": \"2022-12-28T05:43:03.172Z\",\r\n    \"insurance_value\": null,\r\n    \"insurance_currency\": \"AUD\",\r\n    \"coming_from\": \"Hyderabad\",\r\n    \"mode_of_transport\": \"Road\",\r\n    \"asn_no\": null,\r\n    \"total_cost\": \"90.00\",\r\n    \"gross_weight\": \"10.00\",\r\n    \"delivery_eta\": \"2022-12-28T05:43:03.160Z\",\r\n    \"no_of_vehicles\": \"1\",\r\n    \"stn_weight\": \"1\",\r\n    \"stn_uom\": \"Pallet\",\r\n    \"package_uom\": \"Set\",\r\n    \"remarks\": null,\r\n    \"type_of_consignment\": \"Normal\",\r\n    \"pre_alert_source\": \"Import - CHA\",\r\n    \"receipt_category\": \"Primary\",\r\n    \"bonded_wh_indent_id\": null,\r\n    \"stn_no\": \"10\",\r\n    \"stn_date\": \"2022-12-28T05:42:46.688Z\",\r\n    \"stn_value\": \"1\",\r\n    \"duty_value\": \"10\",\r\n    \"insurance_premium_allocated\": null,\r\n    \"no_of_packages\": \"10\",\r\n    \"stn_currency\": \"AUD\",\r\n    \"boe_no\": \"100000\",\r\n    \"type_of_boe\": \"Duty Paid\",\r\n    \"incoterm\": \"CIF\",\r\n    \"status\": \"New\",\r\n    \"warehouse_code\": \"WHJH002\",\r\n    \"warehouse_location\": \"Bonded WH KM\",\r\n    \"createdby\": \"msr@tmilltd.com\",\r\n    \"updatedby\": \"msr@tmilltd.com\",\r\n    \"record_type_status\": \"D\",\r\n    \"job_details\": [\r\n        {\r\n            \"job_creation_deatils_id\": 1,\r\n            \"umc_no\": \"po test umc 1\",\r\n            \"quantity\": 3,\r\n            \"uom\": \"Set\",\r\n            \"material_description\": \"des 10\",\r\n            \"currency\": \"INR\",\r\n            \"rate\": 10,\r\n            \"umc_value\": 30,\r\n            \"commodity\": \"Steel\",\r\n            \"commodity_type\": \"Iron\"\r\n        },\r\n        {\r\n            \"job_creation_deatils_id\": 2,\r\n            \"umc_no\": \"po test umc 2\",\r\n            \"quantity\": 6,\r\n            \"uom\": \"Box\",\r\n            \"material_description\": \"des 11\",\r\n            \"currency\": \"INR\",\r\n            \"rate\": 10,\r\n            \"umc_value\": 60,\r\n            \"commodity\": \"Oil\",\r\n            \"commodity_type\": \"Castor\"\r\n        }\r\n    ],\r\n    \"vehicle_details\": [\r\n        {\r\n            \"job_vehicle_id\": 1,\r\n            \"transporter_name\": \"1\",\r\n            \"vehicle_no\": \"1\",\r\n            \"container_no\": \"1\"\r\n        }\r\n    ],\r\n    \"activity_type\": \"Import\",\r\n    \"work_order_no\": \"1\",\r\n    \"work_order_valid\": \"Yes\",\r\n    \"exchange_rate\": \"10\",\r\n    \"total_amount\": 10,\r\n    \"packing_list_attachment\": null,\r\n    \"packing_list_attachment_dms_id\": null,\r\n    \"inspection_certificate_attachment\": null,\r\n    \"inspection_certificate_attachment_dms_id\": null,\r\n    \"invoice_attachment\": null,\r\n    \"invoice_attachment_dms_id\": null,\r\n    \"insurance_certificate_attachment\": null,\r\n    \"insurance_certificate_attachment_dms_id\": null,\r\n    \"bl_attachment\": null,\r\n    \"bl_attachment_dms_id\": null,\r\n    \"boe_attachment\": null,\r\n    \"boe_attachment_dms_id\": null\r\n}",
					"options": {
						"raw": {
							"language": "json"
						}
					}
				},
				"url": {
					"raw": "localhost:8085/warehouseapi/v1/jobcreation?job_id=JOB_00002733",
					"host": [
						"localhost"
					],
					"port": "8085",
					"path": [
						"warehouseapi",
						"v1",
						"jobcreation"
					],
					"query": [
						{
							"key": "job_id",
							"value": "JOB_00002733"
						}
					]
				}
			},
			"response": []
		},
		{
			"name": "PO Insert",
			"request": {
				"method": "POST",
				"header": [
					{
						"key": "token",
						"value": "123",
						"type": "text"
					}
				],
				"body": {
					"mode": "raw",
					"raw": "{\r\n    \"customer_po_number\": \"1235123122\",\r\n    \"customer_name\": \"Tata Steel Ltd - J\",\r\n    \"customer_po_due_date\": \"2021-03-01\",\r\n    \"supplier_name\": \"princess\",\r\n    \"ammend\": \"No\",\r\n    \"warehouse_code\": \"WHJH001\",\r\n    \"warehouse_location\": \"Extended WH KM\",\r\n    \"customer_id\": \"CS0001\",\r\n    \"total_cost\": \"100.00\",\r\n    \"work_order_valid\": \"Yes\",\r\n    \"remarks\": \"\",\r\n    \"createdby\": \"msr@tmilltd.com\",\r\n    \"updatedby\": \"msr@tmilltd.com\",\r\n    \"record_type_status\": \"a\",\r\n    \"work_order_no\": \"123\",\r\n    \"po_details\": [\r\n        {\r\n            \"umc\": \"12345\",\r\n            \"quantity\": \"10\",\r\n            \"currency\": \"AWG\",\r\n            \r\n            \"rate\": \"10\",\r\n            \"umc_value\": \"100.00\",\r\n            \"remaining_quantity\": \"10\",\r\n            \"uom\": \"Bundle\",\r\n            \"description\": \"10\",\r\n            \"commodity_type\": \"Sand Stones\",\r\n            \"commodity\": \"Stones\"\r\n        },{\r\n            \"umc\": \"12345\",\r\n            \"quantity\": \"10\",\r\n            \"currency\": \"AWG\",\r\n            \"customer_po_due_date\": \"2022-01-03\",\r\n            \"rate\": \"10\",\r\n            \"umc_value\": \"100.00\",\r\n            \"remaining_quantity\": \"10\",\r\n            \"uom\": \"Bundle\",\r\n            \"description\": \"10\",\r\n            \"commodity_type\": \"Sand Stones\",\r\n            \"commodity\": \"Stones\"\r\n        }\r\n    ],\r\n    \"customer_po_attachment\": null,\r\n    \"customer_po_attachment_dms_id\": null\r\n}",
					"options": {
						"raw": {
							"language": "json"
						}
					}
				},
				"url": {
					"raw": "localhost:8085/warehouseapi/v1/purchaseorder",
					"host": [
						"localhost"
					],
					"port": "8085",
					"path": [
						"warehouseapi",
						"v1",
						"purchaseorder"
					]
				}
			},
			"response": []
		},
		{
			"name": "Goods Issues",
			"request": {
				"method": "POST",
				"header": [
					{
						"key": "token",
						"value": "123",
						"type": "text"
					}
				],
				"body": {
					"mode": "raw",
					"raw": " {\"purchase_order_no\":\"bonded_po_1\",\"supplier_name\":\"Narasimha Reddy\",\"customer_name\":\"The Tinplate Company of India Ltd.\",\"commodity\":\"Seat\",\"commodity_type\":\"Seat\",\"boe_date\":\"2022-10-11T06:30:10.728Z\",\"insurance_value\":null,\"insurance_currency\":\"AWG\",\"coming_from\":\"Hyderabad\",\"mode_of_transport\":\"Sea\",\"asn_no\":null,\"remarks\":null,\"total_cost\":\"2280.00\",\"delivery_eta\":\"2022-10-11T06:30:10.680Z\",\"no_of_vehicles\":\"2\",\"stn_weight\":\"100\",\"stn_uom\":\"Set\",\"package_uom\":\"Lot\",\"type_of_consignment\":\"Normal\",\"pre_alert_source\":\"Import - CHA\",\"receipt_category\":\"Primary\",\"bonded_wh_indent_id\":null,\"stn_no\":\"12\",\"stn_date\":\"2022-10-11T06:30:06.606Z\",\"stn_value\":\"123\",\"duty_value\":\"123\",\"insurance_premium_allocated\":null,\"no_of_packages\":\"100\",\"stn_currency\":\"AWG\",\"boe_no\":\"boe_100\",\"gross_weight\":\"100.00\",\"type_of_boe\":\"Duty Paid\",\"incoterm\":\"CIF\",\"status\":\"New\",\"warehouse_code\":\"WHJH002\",\"warehouse_location\":\"Bonded WH KM\",\"createdby\":\"msr@tmilltd.com\",\"updatedby\":\"msr@tmilltd.com\",\"record_type_status\":\"a\",\"job_details\":[{\"job_creation_deatils_id\":1,\"umc_no\":\"bonded_umc_15\",\"quantity\":\"2\",\"currency\":\"HRK\",\"rate\":\"10\",\"umc_value\":\"20.00\",\"uom\":\"Set\",\"material_description\":\"2\",\"booking_id\":null,\"po_details_id\":38662,\"po_original_quantity\":20},{\"job_creation_deatils_id\":2,\"umc_no\":\"bonded_umc_15\",\"currency\":\"HRK\",\"rate\":\"10\",\"umc_value\":\"40.00\",\"quantity\":\"4\",\"uom\":\"Set\",\"material_description\":\"2\",\"booking_id\":null,\"po_details_id\":38662,\"po_original_quantity\":18},{\"job_creation_deatils_id\":3,\"umc_no\":\"bonded_umc_15\",\"currency\":\"GMD\",\"rate\":\"30\",\"umc_value\":\"90.00\",\"quantity\":\"3\",\"uom\":\"Square Feet\",\"material_description\":\"3\",\"booking_id\":null,\"po_details_id\":38663,\"po_original_quantity\":40},{\"job_creation_deatils_id\":4,\"umc_no\":\"bonded_umc_15\",\"currency\":\"GMD\",\"rate\":\"30\",\"umc_value\":\"210.00\",\"quantity\":\"7\",\"uom\":\"Square Feet\",\"material_description\":\"3\",\"booking_id\":null,\"po_details_id\":38663,\"po_original_quantity\":37},{\"job_creation_deatils_id\":5,\"umc_no\":\"bonded_umc_15\",\"currency\":\"BOB\",\"rate\":\"80\",\"umc_value\":\"640.00\",\"quantity\":\"8\",\"uom\":\"Set\",\"material_description\":\"2\",\"booking_id\":null,\"po_details_id\":38661,\"po_original_quantity\":80},{\"job_creation_deatils_id\":6,\"umc_no\":\"bonded_umc_15\",\"currency\":\"BOB\",\"rate\":\"80\",\"umc_value\":\"1280.00\",\"quantity\":\"16\",\"uom\":\"Set\",\"material_description\":\"2\",\"booking_id\":null,\"po_details_id\":38661,\"po_original_quantity\":72}],\"vehicle_details\":[{\"job_vehicle_id\":1,\"transporter_name\":\"1\",\"vehicle_no\":\"1\",\"container_no\":\"1\"},{\"job_vehicle_id\":2,\"transporter_name\":\"2\",\"vehicle_no\":\"2\",\"container_no\":\"2\"}],\"activity_type\":\"Import\",\"work_order_no\":\"bonded_wo_1\",\"work_order_valid\":\"Yes\",\"exchange_rate\":\"12.5\",\"total_amount\":1537.5,\"packing_list_attachment\":null,\"packing_list_attachment_dms_id\":null,\"inspection_certificate_attachment\":null,\"inspection_certificate_attachment_dms_id\":null,\"invoice_attachment\":null,\"invoice_attachment_dms_id\":null,\"insurance_certificate_attachment\":null,\"insurance_certificate_attachment_dms_id\":null,\"bl_attachment\":null,\"bl_attachment_dms_id\":null,\"boe_attachment\":null,\"boe_attachment_dms_id\":null}\r\n",
					"options": {
						"raw": {
							"language": "json"
						}
					}
				},
				"url": {
					"raw": "localhost:8085/warehouseapi/v1/jobcreation",
					"host": [
						"localhost"
					],
					"port": "8085",
					"path": [
						"warehouseapi",
						"v1",
						"jobcreation"
					]
				}
			},
			"response": []
		},
		{
			"name": "Goods Issues Copy",
			"request": {
				"method": "POST",
				"header": [
					{
						"key": "token",
						"value": "123",
						"type": "text"
					}
				],
				"body": {
					"mode": "raw",
					"raw": "{\"unloading_details\": [\r\n        {\r\n            \"unloading_activity_details_id\": 1,\r\n            \"material_description\": \"des 103\",\r\n            \"package_no\": \"13\",\r\n            \"umc_no\": \"test_umc_16_2\",\r\n            \"no_of_packages\": \"10\",\r\n            \"quantity\": 12,\r\n            \"uom\": \"Cartton\",\r\n            \"gross_weight\": 10,\r\n            \"bin_type\": \"Rake\",\r\n            \"bin_location\": \"JAM1001\",\r\n            \"bin_size\": 687,\r\n            \"avalible_bin_space\": \"\",\r\n            \"bin_space_allocated\": \"642\",\r\n            \"bin_space_available\": 686,\r\n            \"bin_uom\": \"Sqft\",\r\n            \"remarks\": null,\r\n            \"any_damage\": null,\r\n            \"booking_id\": \"\",\r\n            \"job_creation_deatils_id\": 51197,\r\n            \"bin_id\": \"BIN_001689\",\r\n            \"job_vehicle_details_id\": 17102\r\n        }\r\n    ]}",
					"options": {
						"raw": {
							"language": "json"
						}
					}
				},
				"url": {
					"raw": "localhost:8085/warehouseapi/v1/unloadbinvalidation",
					"host": [
						"localhost"
					],
					"port": "8085",
					"path": [
						"warehouseapi",
						"v1",
						"unloadbinvalidation"
					]
				}
			},
			"response": []
		},
		{
			"name": "Unloading",
			"request": {
				"method": "POST",
				"header": [
					{
						"key": "token",
						"value": "123",
						"type": "text"
					}
				],
				"body": {
					"mode": "raw",
					"raw": "{\r\n    \"primary_grn_no\": \"PGRN_002636\",\r\n    \"job_id\": \"JOB_00002847\",\r\n    \"unloading_start_time\": \"2023-02-08T19:08:25\",\r\n    \"unloading_end_time\": \"2023-02-08T19:08:25\",\r\n    \"actual_release_time\": \"2023-02-08T19:08:25\",\r\n    \"actual_release_time_from_plant\": \"2023-02-08T19:08:25\",\r\n    \"vehicle_no\": \"TS 01 TS 0101\",\r\n    \"transporter_name\": \"Warehouse\",\r\n    \"consignment_no\": \"NA\",\r\n    \"container_no\": \"0101\",\r\n    \"seal_no\": \"NA\",\r\n    \"supervisor_name\": \"NA\",\r\n    \"number_of_resources\": 1,\r\n    \"equipments_used\": \"NA\",\r\n    \"man_power_used\": \"NA\",\r\n    \"unloading_duration\": 0,\r\n    \"insurance_status\": \"NA\",\r\n    \"remarks\": \"NA\",\r\n    \"driver_no\": 1234567890,\r\n    \"driver_name\": \"Warehouse\",\r\n    \"detection_period\": 0,\r\n    \"condition_of_material\": \"Okay\",\r\n    \"warehouse_code\": \"WHJH004\",\r\n    \"createdby\": \"msr@tmilltd.com\",\r\n    \"updatedby\": \"msr@tmilltd.com\",\r\n    \"unloading_advice\": \"NA\",\r\n    \"record_type_status\": \"Unloaded\",\r\n    \"unloading_details\": [\r\n        {\r\n            \"remarks\": \"NA\",\r\n            \"any_damage\": \"Okay\",\r\n            \"unloading_activity_details_id\": null,\r\n            \"umc_no\": \"agrico bulk umc 54\",\r\n            \"quantity\": 50,\r\n            \"uom\": \"nos\",\r\n            \"gross_weight\": 100,\r\n            \"commodity\": \"Spare\",\r\n            \"commodity_type\": \"Spare\",\r\n            \"material_description\": \"Des 100\",\r\n            \"package_no\": \"asxc\",\r\n            \"no_of_packages\": 12,\r\n            \"bin_location\": \"TCIL-001\",\r\n            \"bin_space_allocated\": 10,\r\n            \"job_creation_deatils_id\": 51515,\r\n            \"job_vehicle_details_id\": 17349,\r\n            \"bin_size\": 5600,\r\n            \"bin_space_available\": 5200,\r\n            \"bin_uom\": \"Sqft\",\r\n            \"bin_type\": \"Rack\",\r\n            \"bin_id\": \"BIN_001692\"\r\n        }\r\n    ],\r\n    \"bulk_upload_status\": \"Bulk Upload Unloading Created\"\r\n}",
					"options": {
						"raw": {
							"language": "json"
						}
					}
				},
				"url": {
					"raw": "localhost:8085/warehouseapi/v1/unloading",
					"host": [
						"localhost"
					],
					"port": "8085",
					"path": [
						"warehouseapi",
						"v1",
						"unloading"
					]
				}
			},
			"response": []
		},
		{
			"name": "Unloading Copy",
			"request": {
				"method": "PUT",
				"header": [
					{
						"key": "token",
						"value": "123",
						"type": "text"
					}
				],
				"body": {
					"mode": "raw",
					"raw": "{\"primary_grn_no\":\"PGRN_002531\",\"job_id\":\"JOB_00002691\",\"unloading_start_time\":null,\"unloading_end_time\":null,\"actual_release_time\":null,\"vehicle_no\":\"Veh 2\",\"transporter_name\":\"Trans 2\",\"consignment_no\":\"2\",\"container_no\":\"Cont 2\",\"seal_no\":\"2\",\"supervisor_name\":null,\"number_of_resources\":null,\"equipments_used\":\"\",\"man_power_used\":\"\",\"unloading_duration\":null,\"commodity\":\"Doors\",\"commodity_type\":\"Metal Doors\",\"insurance_status\":null,\"remarks\":null,\"detection_period\":0,\"condition_of_material\":null,\"warehouse_code\":\"WHJH002\",\"createdby\":\"msr@tmilltd.com\",\"updatedby\":\"msr@tmilltd.com\",\"unloading_advice\":\"test_unloading_advice\",\"record_type_status\":\"D\",\"driver_name\":\"2\",\"driver_no\":1234567890,\"activity_type\":\"Import\",\"unloading_details\":[{\"unloading_activity_details_id\":1,\"material_description\":\"des 103\",\"package_no\":\"13\",\"umc_no\":\"test_umc_16_2\",\"no_of_packages\":\"10\",\"quantity\":12,\"uom\":\"Cartton\",\"gross_weight\":10,\"bin_type\":\"Rake\",\"bin_location\":\"JAM1001\",\"bin_size\":687,\"avalible_bin_space\":\"\",\"bin_space_allocated\":\"1\",\"bin_space_available\":686,\"bin_uom\":\"Sqft\",\"remarks\":null,\"any_damage\":null,\"booking_id\":\"\",\"job_creation_deatils_id\":51197,\"bin_id\":\"BIN_001689\",\"job_vehicle_details_id\":17102}]}",
					"options": {
						"raw": {
							"language": "json"
						}
					}
				},
				"url": {
					"raw": "localhost:8085/warehouseapi/v1/unloading",
					"host": [
						"localhost"
					],
					"port": "8085",
					"path": [
						"warehouseapi",
						"v1",
						"unloading"
					]
				}
			},
			"response": []
		},
		{
			"name": "Loading",
			"request": {
				"method": "PUT",
				"header": [
					{
						"key": "token",
						"value": "123",
						"type": "text"
					}
				],
				"body": {
					"mode": "raw",
					"raw": "{\r\n    \"vehicle_no\": \"TS01AP0121\",\r\n    \"transporter_representative_name\": \"Meheswar\",\r\n    \"transporter_representative_mobile_no\": \"4564564560\",\r\n    \"driver_name\": \"Busy\",\r\n    \"driver_contact_no\": \"9999999999\",\r\n    \"indent_no\": \"IND_00487\",\r\n    \"sap_mr_no\": \"Optional_1\",\r\n    \"consignment_note_no\": \"4\",\r\n    \"lodaing_supervisor_name\": \"RAJ KUMAR SINGH\",\r\n    \"loading_supervisor_id\": \"E010\",\r\n    \"loading_start_time\": \"2022-10-31T10:09:18\",\r\n    \"loading_end_time\": \"2022-10-31T11:09:00\",\r\n    \"loading_duration\": 59,\r\n    \"no_of_resources\": null,\r\n    \"equipments_used\": \"\",\r\n    \"total_no_of_packages\": \"24.00\",\r\n    \"total_weight\": \"40.00\",\r\n    \"warehouse_code\": \"WH_00012\",\r\n    \"warehouse_location\": \"Pravesh Warehouse - Hyderabad\",\r\n    \"createdby\": \"msr@tmilltd.com\",\r\n    \"updatedby\": \"msr@tmilltd.com\",\r\n    \"record_type_status\": \"a\",\r\n    \"customer_name\": \"Tata Steel Limited, Jamshedpur\",\r\n    \"activity_type\": \"Domestic\",\r\n    \"indent_vehicle_reporting_details_id\": 611,\r\n    \"vehicle_details\": [\r\n        {\r\n            \"indent_loading_activity_deatils_id\": 560,\r\n            \"umc_no\": \"umc_10_2\",\r\n            \"quantity\": 2.4,\r\n            \"uom\": null,\r\n            \"sap_batch_no\": null,\r\n            \"package_no\": \",\",\r\n            \"no_of_packages\": \"6\",\r\n            \"gross_weight\": 10,\r\n            \"bin_location\": \"HYDA006\",\r\n            \"bin_space_released\": 1,\r\n            \"bin_uom\": \"Nos\",\r\n            \"package_condition\": null,\r\n            \"loading_supervisor_remarks\": null,\r\n            \"insurance_claimed\": null,\r\n            \"insurance_survey_report_attachment\": null,\r\n            \"bin_id\": \"BIN_001705\",\r\n            \"loading_id\": \"INDLOD_00360\",\r\n            \"new_available_bin_space\": 15,\r\n            \"available_bin_space\": 14,\r\n            \"bin_size_used_in_job\": 2,\r\n            \"loading_original_quantity\": 6,\r\n            \"booking_id\": \"bi_10_1\",\r\n            \"sales_order_no\": \"4\",\r\n            \"opportunity_line_item_no\": \"4\",\r\n            \"indent_details_id\": \"IND_00487umc_10_2bi_10_144\"\r\n        },\r\n        {\r\n            \"indent_loading_activity_deatils_id\": 561,\r\n            \"umc_no\": \"umc_10_2\",\r\n            \"quantity\": 3.6,\r\n            \"uom\": null,\r\n            \"sap_batch_no\": null,\r\n            \"package_no\": \"1\",\r\n            \"no_of_packages\": \"1\",\r\n            \"gross_weight\": 5,\r\n            \"bin_location\": \"TPRV01\",\r\n            \"bin_space_released\": 1,\r\n            \"bin_uom\": \"Nos\",\r\n            \"package_condition\": null,\r\n            \"loading_supervisor_remarks\": null,\r\n            \"insurance_claimed\": null,\r\n            \"insurance_survey_report_attachment\": null,\r\n            \"bin_id\": \"BIN_001696\",\r\n            \"loading_id\": \"INDLOD_00360\",\r\n            \"new_available_bin_space\": 4980,\r\n            \"available_bin_space\": 4979,\r\n            \"bin_size_used_in_job\": 1,\r\n            \"loading_original_quantity\": 7,\r\n            \"booking_id\": \"bi_10_1\",\r\n            \"sales_order_no\": \"4\",\r\n            \"opportunity_line_item_no\": \"4\",\r\n            \"indent_details_id\": \"IND_00487umc_10_2bi_10_144\"\r\n        },\r\n        {\r\n            \"indent_loading_activity_deatils_id\": 565,\r\n            \"umc_no\": \"umc_10_2\",\r\n            \"quantity\": 1.5,\r\n            \"uom\": null,\r\n            \"sap_batch_no\": null,\r\n            \"package_no\": \"10\",\r\n            \"no_of_packages\": \"1\",\r\n            \"gross_weight\": 5,\r\n            \"bin_location\": \"TPRV01\",\r\n            \"bin_space_released\": 1,\r\n            \"bin_uom\": \"Nos\",\r\n            \"package_condition\": null,\r\n            \"loading_supervisor_remarks\": null,\r\n            \"insurance_claimed\": null,\r\n            \"insurance_survey_report_attachment\": null,\r\n            \"bin_id\": \"BIN_001696\",\r\n            \"loading_id\": \"INDLOD_00360\",\r\n            \"new_available_bin_space\": 4980,\r\n            \"available_bin_space\": 4979,\r\n            \"bin_size_used_in_job\": 1,\r\n            \"loading_original_quantity\": 12,\r\n            \"booking_id\": \"bi_10_1\",\r\n            \"sales_order_no\": \"4\",\r\n            \"opportunity_line_item_no\": \"4\",\r\n            \"indent_details_id\": \"IND_00487umc_10_2bi_10_144\"\r\n        },\r\n        {\r\n            \"umc_no\": \"umc_10_2\",\r\n            \"quantity\": \"1.2\",\r\n            \"package_no\": \",\",\r\n            \"no_of_packages\": 6,\r\n            \"gross_weight\": 10,\r\n            \"bin_size_used_in_job\": 2,\r\n            \"bin_location\": \"HYDA006\",\r\n            \"available_bin_space\": 14,\r\n            \"bin_space_released\": \"1\",\r\n            \"new_available_bin_space\": 15,\r\n            \"bin_uom\": \"Nos\",\r\n            \"package_condition\": \"Okay\",\r\n            \"loading_supervisor_remarks\": null,\r\n            \"insurance_claimed\": null,\r\n            \"booking_id\": \"bi_10_1\",\r\n            \"sales_order_no\": \"4\",\r\n            \"opportunity_line_item_no\": \"4\",\r\n            \"quantity_in_bin\": 9,\r\n            \"indent_details_id\": \"IND_00487umc_10_2Bagbi_10_144\",\r\n            \"bin_id\": \"BIN_001705\",\r\n            \"loading_original_quantity\": 10.5\r\n        },\r\n        {\r\n            \"umc_no\": \"umc_10_2\",\r\n            \"quantity\": \"1.1\",\r\n            \"package_no\": \"5,8\",\r\n            \"no_of_packages\": 10,\r\n            \"gross_weight\": 10,\r\n            \"bin_size_used_in_job\": 9,\r\n            \"bin_location\": \"TPRV03\",\r\n            \"available_bin_space\": 5590,\r\n            \"bin_space_released\": \"1\",\r\n            \"new_available_bin_space\": 5591,\r\n            \"bin_uom\": \"Nos\",\r\n            \"package_condition\": \"Okay\",\r\n            \"loading_supervisor_remarks\": null,\r\n            \"insurance_claimed\": null,\r\n            \"booking_id\": \"bi_10_1\",\r\n            \"sales_order_no\": \"4\",\r\n            \"opportunity_line_item_no\": \"4\",\r\n            \"quantity_in_bin\": 3.5900002,\r\n            \"indent_details_id\": \"IND_00487umc_10_2Bagbi_10_144\",\r\n            \"bin_id\": \"BIN_001698\",\r\n            \"loading_original_quantity\": 9.3\r\n        }\r\n    ]\r\n}",
					"options": {
						"raw": {
							"language": "json"
						}
					}
				},
				"url": {
					"raw": "localhost:8085/warehouseapi/v1/loading",
					"host": [
						"localhost"
					],
					"port": "8085",
					"path": [
						"warehouseapi",
						"v1",
						"loading"
					]
				}
			},
			"response": []
		},
		{
			"name": "Primary Grn",
			"request": {
				"method": "PUT",
				"header": [
					{
						"key": "token",
						"value": "123",
						"type": "text"
					}
				],
				"body": {
					"mode": "raw",
					"raw": "{\"primary_grn_no\":\"PGRN_002531\",\"job_id\":\"JOB_00002691\",\"unloading_start_time\":null,\"unloading_end_time\":null,\"actual_release_time\":null,\"vehicle_no\":\"Veh 2\",\"transporter_name\":\"Trans 2\",\"consignment_no\":\"2\",\"container_no\":\"Cont 2\",\"seal_no\":\"2\",\"supervisor_name\":null,\"number_of_resources\":null,\"equipments_used\":\"\",\"man_power_used\":\"\",\"unloading_duration\":null,\"commodity\":\"Doors\",\"commodity_type\":\"Metal Doors\",\"insurance_status\":null,\"remarks\":null,\"detection_period\":0,\"condition_of_material\":null,\"warehouse_code\":\"WHJH002\",\"createdby\":\"msr@tmilltd.com\",\"updatedby\":\"msr@tmilltd.com\",\"unloading_advice\":\"test_unloading_advice\",\"record_type_status\":\"D\",\"driver_name\":\"2\",\"driver_no\":1234567890,\"activity_type\":\"Import\",\"unloading_details\":[{\"unloading_activity_details_id\":1,\"material_description\":\"des 103\",\"package_no\":\"13\",\"umc_no\":\"test_umc_16_2\",\"no_of_packages\":\"10\",\"quantity\":12,\"uom\":\"Cartton\",\"gross_weight\":10,\"bin_type\":\"Rake\",\"bin_location\":\"JAM1001\",\"bin_size\":687,\"avalible_bin_space\":\"\",\"bin_space_allocated\":\"1\",\"bin_space_available\":686,\"bin_uom\":\"Sqft\",\"remarks\":null,\"any_damage\":null,\"booking_id\":\"\",\"job_creation_deatils_id\":51197,\"bin_id\":\"BIN_001689\",\"job_vehicle_details_id\":17102}]}",
					"options": {
						"raw": {
							"language": "json"
						}
					}
				},
				"url": {
					"raw": "localhost:8085/warehouseapi/v1/unloading",
					"host": [
						"localhost"
					],
					"port": "8085",
					"path": [
						"warehouseapi",
						"v1",
						"unloading"
					]
				}
			},
			"response": []
		},
		{
			"name": "Secondary Grn",
			"request": {
				"method": "PUT",
				"header": [
					{
						"key": "token",
						"value": "123",
						"type": "text"
					}
				],
				"body": {
					"mode": "raw",
					"raw": "{\"primary_grn_no\":\"PGRN_002531\",\"job_id\":\"JOB_00002691\",\"unloading_start_time\":null,\"unloading_end_time\":null,\"actual_release_time\":null,\"vehicle_no\":\"Veh 2\",\"transporter_name\":\"Trans 2\",\"consignment_no\":\"2\",\"container_no\":\"Cont 2\",\"seal_no\":\"2\",\"supervisor_name\":null,\"number_of_resources\":null,\"equipments_used\":\"\",\"man_power_used\":\"\",\"unloading_duration\":null,\"commodity\":\"Doors\",\"commodity_type\":\"Metal Doors\",\"insurance_status\":null,\"remarks\":null,\"detection_period\":0,\"condition_of_material\":null,\"warehouse_code\":\"WHJH002\",\"createdby\":\"msr@tmilltd.com\",\"updatedby\":\"msr@tmilltd.com\",\"unloading_advice\":\"test_unloading_advice\",\"record_type_status\":\"D\",\"driver_name\":\"2\",\"driver_no\":1234567890,\"activity_type\":\"Import\",\"unloading_details\":[{\"unloading_activity_details_id\":1,\"material_description\":\"des 103\",\"package_no\":\"13\",\"umc_no\":\"test_umc_16_2\",\"no_of_packages\":\"10\",\"quantity\":12,\"uom\":\"Cartton\",\"gross_weight\":10,\"bin_type\":\"Rake\",\"bin_location\":\"JAM1001\",\"bin_size\":687,\"avalible_bin_space\":\"\",\"bin_space_allocated\":\"1\",\"bin_space_available\":686,\"bin_uom\":\"Sqft\",\"remarks\":null,\"any_damage\":null,\"booking_id\":\"\",\"job_creation_deatils_id\":51197,\"bin_id\":\"BIN_001689\",\"job_vehicle_details_id\":17102}]}",
					"options": {
						"raw": {
							"language": "json"
						}
					}
				},
				"url": {
					"raw": "localhost:8085/warehouseapi/v1/unloading",
					"host": [
						"localhost"
					],
					"port": "8085",
					"path": [
						"warehouseapi",
						"v1",
						"unloading"
					]
				}
			},
			"response": []
		},
		{
			"name": "Job Details",
			"request": {
				"method": "PUT",
				"header": [
					{
						"key": "token",
						"value": "123",
						"type": "text"
					}
				],
				"body": {
					"mode": "raw",
					"raw": "{\"primary_grn_no\":\"PGRN_002531\",\"job_id\":\"JOB_00002691\",\"unloading_start_time\":null,\"unloading_end_time\":null,\"actual_release_time\":null,\"vehicle_no\":\"Veh 2\",\"transporter_name\":\"Trans 2\",\"consignment_no\":\"2\",\"container_no\":\"Cont 2\",\"seal_no\":\"2\",\"supervisor_name\":null,\"number_of_resources\":null,\"equipments_used\":\"\",\"man_power_used\":\"\",\"unloading_duration\":null,\"commodity\":\"Doors\",\"commodity_type\":\"Metal Doors\",\"insurance_status\":null,\"remarks\":null,\"detection_period\":0,\"condition_of_material\":null,\"warehouse_code\":\"WHJH002\",\"createdby\":\"msr@tmilltd.com\",\"updatedby\":\"msr@tmilltd.com\",\"unloading_advice\":\"test_unloading_advice\",\"record_type_status\":\"D\",\"driver_name\":\"2\",\"driver_no\":1234567890,\"activity_type\":\"Import\",\"unloading_details\":[{\"unloading_activity_details_id\":1,\"material_description\":\"des 103\",\"package_no\":\"13\",\"umc_no\":\"test_umc_16_2\",\"no_of_packages\":\"10\",\"quantity\":12,\"uom\":\"Cartton\",\"gross_weight\":10,\"bin_type\":\"Rake\",\"bin_location\":\"JAM1001\",\"bin_size\":687,\"avalible_bin_space\":\"\",\"bin_space_allocated\":\"1\",\"bin_space_available\":686,\"bin_uom\":\"Sqft\",\"remarks\":null,\"any_damage\":null,\"booking_id\":\"\",\"job_creation_deatils_id\":51197,\"bin_id\":\"BIN_001689\",\"job_vehicle_details_id\":17102}]}",
					"options": {
						"raw": {
							"language": "json"
						}
					}
				},
				"url": {
					"raw": "localhost:8085/warehouseapi/v1/unloading",
					"host": [
						"localhost"
					],
					"port": "8085",
					"path": [
						"warehouseapi",
						"v1",
						"unloading"
					]
				}
			},
			"response": []
		},
		{
			"name": "vehiclereporting",
			"request": {
				"method": "PUT",
				"header": [
					{
						"key": "token",
						"value": "123",
						"type": "text"
					}
				],
				"body": {
					"mode": "raw",
					"raw": "{\r\n    \"no_of_vehicles_placed\": 8,\r\n    \"vehicle_placement_compliance\": \"2023-02-10T11:35:08\",\r\n    \"indent_no\": \"IND_00508\",\r\n    \"warehouse_code\": \"WHJH004\",\r\n    \"warehouse_location\": \"TCIL WH\",\r\n    \"updatedby\": \"msr@tmilltd.com\",\r\n    \"record_type_status\": \"Reported\",\r\n    \"vehicle_reporting_details\": [\r\n        {\r\n            \"vehicle_reporting_date_time\": \"2023-02-09T11:41:30\",\r\n            \"warehouse_code\": \"WHJH004\",\r\n            \"warehouse_location\": \"TCIL WH\",\r\n            \"createdby\": null,\r\n            \"createddate\": \"2023-02-09T11:41:50.572325\",\r\n            \"updatedby\": null,\r\n            \"updateddate\": \"2023-02-09T11:41:50.572325\",\r\n            \"record_type_status\": null,\r\n            \"indent_vehicle_reporting_details_id\": 640,\r\n            \"indent_vehicle_reporting_id\": \"INDVEHICLE_00382\",\r\n            \"vehicle_id\": \"1 / 2\",\r\n            \"indent_transporter_details_id\": 673,\r\n            \"transporter_name\": \"Navatha\",\r\n            \"vehicle_no\": \"TS01AP0121\",\r\n            \"transporter_id\": null,\r\n            \"vehicle_type\": \"VEHICLE\",\r\n            \"vehicle_placement_compliance_status\": \"Okay\"\r\n        },\r\n        {\r\n            \"vehicle_reporting_date_time\": \"2023-02-09T11:41:43\",\r\n            \"warehouse_code\": \"WHJH004\",\r\n            \"warehouse_location\": \"TCIL WH\",\r\n            \"createdby\": null,\r\n            \"createddate\": \"2023-02-09T11:41:50.572325\",\r\n            \"updatedby\": null,\r\n            \"updateddate\": \"2023-02-09T11:41:50.572325\",\r\n            \"record_type_status\": null,\r\n            \"indent_vehicle_reporting_details_id\": 641,\r\n            \"indent_vehicle_reporting_id\": \"INDVEHICLE_00382\",\r\n            \"vehicle_id\": \"2 / 2\",\r\n            \"indent_transporter_details_id\": 673,\r\n            \"transporter_name\": \"Navatha\",\r\n            \"vehicle_no\": \"TS01AP0122\",\r\n            \"transporter_id\": null,\r\n            \"vehicle_type\": \"VEHICLE\",\r\n            \"vehicle_placement_compliance_status\": \"Okay\"\r\n        },\r\n        {\r\n            \"vehicle_reporting_date_time\": \"2023-02-09T12:33:22\",\r\n            \"warehouse_code\": \"WHJH004\",\r\n            \"warehouse_location\": \"TCIL WH\",\r\n            \"createdby\": null,\r\n            \"createddate\": \"2023-02-09T12:33:41.518036\",\r\n            \"updatedby\": null,\r\n            \"updateddate\": \"2023-02-09T12:33:41.518036\",\r\n            \"record_type_status\": null,\r\n            \"indent_vehicle_reporting_details_id\": 3,\r\n            \"indent_vehicle_reporting_id\": \"INDVEHICLE_00382\",\r\n            \"vehicle_id\": \"3 / 4\",\r\n            \"indent_transporter_details_id\": 674,\r\n            \"transporter_name\": \"Navatha\",\r\n            \"vehicle_no\": \"TS01AP0121\",\r\n            \"transporter_id\": null,\r\n            \"vehicle_type\": \"a\",\r\n            \"vehicle_placement_compliance_status\": \"Okay\"\r\n        },\r\n        {\r\n            \"vehicle_reporting_date_time\": \"2023-02-09T12:33:30\",\r\n            \"warehouse_code\": \"WHJH004\",\r\n            \"warehouse_location\": \"TCIL WH\",\r\n            \"createdby\": null,\r\n            \"createddate\": \"2023-02-09T12:33:41.518036\",\r\n            \"updatedby\": null,\r\n            \"updateddate\": \"2023-02-09T12:33:41.518036\",\r\n            \"record_type_status\": null,\r\n            \"indent_vehicle_reporting_details_id\": 4,\r\n            \"indent_vehicle_reporting_id\": \"INDVEHICLE_00382\",\r\n            \"vehicle_id\": \"4 / 4\",\r\n            \"indent_transporter_details_id\": 673,\r\n            \"transporter_name\": \"Navatha\",\r\n            \"vehicle_no\": \"TS01AP0122\",\r\n            \"transporter_id\": null,\r\n            \"vehicle_type\": \"VEHICLE\",\r\n            \"vehicle_placement_compliance_status\": \"Okay\"\r\n        },\r\n        {\r\n            \"vehicle_reporting_date_time\": \"2023-02-09T12:47:09\",\r\n            \"warehouse_code\": \"WHJH004\",\r\n            \"warehouse_location\": \"TCIL WH\",\r\n            \"createdby\": null,\r\n            \"createddate\": \"2023-02-09T12:48:03.027499\",\r\n            \"updatedby\": null,\r\n            \"updateddate\": \"2023-02-09T12:48:03.027499\",\r\n            \"record_type_status\": null,\r\n            \"indent_vehicle_reporting_details_id\": 642,\r\n            \"indent_vehicle_reporting_id\": \"INDVEHICLE_00382\",\r\n            \"vehicle_id\": \"5 / 6\",\r\n            \"indent_transporter_details_id\": 675,\r\n            \"transporter_name\": \"Navatha\",\r\n            \"vehicle_no\": \"120\",\r\n            \"transporter_id\": null,\r\n            \"vehicle_type\": \"Lorry_thin\",\r\n            \"vehicle_placement_compliance_status\": \"Okay\"\r\n        },\r\n        {\r\n            \"vehicle_reporting_date_time\": \"2023-02-09T12:47:25\",\r\n            \"warehouse_code\": \"WHJH004\",\r\n            \"warehouse_location\": \"TCIL WH\",\r\n            \"createdby\": null,\r\n            \"createddate\": \"2023-02-09T12:48:03.027499\",\r\n            \"updatedby\": null,\r\n            \"updateddate\": \"2023-02-09T12:48:03.027499\",\r\n            \"record_type_status\": null,\r\n            \"indent_vehicle_reporting_details_id\": 643,\r\n            \"indent_vehicle_reporting_id\": \"INDVEHICLE_00382\",\r\n            \"vehicle_id\": \"1 / 6\",\r\n            \"indent_transporter_details_id\": 675,\r\n            \"transporter_name\": \"Navatha\",\r\n            \"vehicle_no\": \"TS01AP0122\",\r\n            \"transporter_id\": null,\r\n            \"vehicle_type\": \"Lorry_thin\",\r\n            \"vehicle_placement_compliance_status\": \"Okay\"\r\n        },\r\n        {\r\n            \"vehicle_id\": \"2 / 8\",\r\n            \"vehicle_reporting_date_time\": \"2023-02-09T08:59:31.182Z\",\r\n            \"vehicle_no\": \"25252\",\r\n            \"transporter_name\": \"Navatha\",\r\n            \"vehicle_placement_compliance_status\": \"Okay\",\r\n            \"vehicle_type\": \"5225\",\r\n            \"indent_transporter_details_id\": 676\r\n        },\r\n        {\r\n            \"vehicle_id\": \"3 / 8\",\r\n            \"vehicle_reporting_date_time\": \"2023-02-09T08:59:40.220Z\",\r\n            \"vehicle_no\": \"TS01AP01212\",\r\n            \"transporter_name\": \"Navatha\",\r\n            \"vehicle_placement_compliance_status\": \"Okay\",\r\n            \"vehicle_type\": \"5225\",\r\n            \"indent_transporter_details_id\": 676\r\n        }\r\n    ]\r\n}",
					"options": {
						"raw": {
							"language": "json"
						}
					}
				},
				"url": {
					"raw": "localhost:8085/warehouseapi/v1/vehiclereporting?indent_vehicle_reporting_id=INDVEHICLE_00382",
					"host": [
						"localhost"
					],
					"port": "8085",
					"path": [
						"warehouseapi",
						"v1",
						"vehiclereporting"
					],
					"query": [
						{
							"key": "indent_vehicle_reporting_id",
							"value": "INDVEHICLE_00382"
						}
					]
				}
			},
			"response": []
		},
		{
			"name": "Indent Details Update",
			"request": {
				"method": "PUT",
				"header": [
					{
						"key": "token",
						"value": "123",
						"type": "text"
					}
				],
				"body": {
					"mode": "raw",
					"raw": "{\r\n    \"indent_no\": \"IND_00479\",\r\n    \"indent_details\": [\r\n        {\r\n            \"purchase_order_no\": \"po_8\",\r\n            \"umc_no\": \"umc_8_2\",\r\n            \"quantity\": \"8\",\r\n            \"uom\": \"Bag\",\r\n            \"material_description\": \"des 101\",\r\n            \"indent_original_quantity\": 101,\r\n            \"boe_no\": \"boe_100\",\r\n            \"rate\": 101,\r\n            \"umc_value\": \"808.00\",\r\n            \"booking_id\": null,\r\n            \"batch_no\": null,\r\n            \"indent_details_id\": 931\r\n        }\r\n    ]\r\n}",
					"options": {
						"raw": {
							"language": "json"
						}
					}
				},
				"url": {
					"raw": "localhost:8085/warehouseapi/v1/indentdetails",
					"host": [
						"localhost"
					],
					"port": "8085",
					"path": [
						"warehouseapi",
						"v1",
						"indentdetails"
					]
				}
			},
			"response": []
		},
		{
			"name": "Unloading GET",
			"protocolProfileBehavior": {
				"disableBodyPruning": true
			},
			"request": {
				"method": "GET",
				"header": [
					{
						"key": "token",
						"value": "123",
						"type": "text"
					}
				],
				"body": {
					"mode": "raw",
					"raw": " {\"pickup_date\":\"2022-10-07T09:24:55.027Z\",\"indent_no\":\"IND_00473\",\"consignment_type\":\"Normal\",\"consignment_dimension\":null,\"pickup_location\":\"Extended WH KM\",\"remarks\":\"\",\"delivery_location\":\"HYDERABAD\",\"indent_attachment\":\"test_indent_attachment\",\"warehouse_code\":\"WHJH001\",\"warehouse_location\":\"Extended WH KM\",\"createdby\":\"msr@tmilltd.com\",\"updatedby\":\"msr@tmilltd.com\",\"record_type_status\":\"a\",\"indent_transporter_date\":\"2022-10-07T09:24:55.025Z\",\"transporter_details\":[{\"transporter_id\":\"TRANSPORTER_00007\",\"transporter_name\":\"1\",\"vehicle_type\":\"Lorry_thin\",\"no_of_vehicles\":\"1\",\"quantity\":null,\"uom\":\"Set\",\"indent_transporter_no\":\"TRANSPORTER_00007\",\"email\":\"narasimhareddy.a@msr-it.com\"}]}",
					"options": {
						"raw": {
							"language": "json"
						}
					}
				},
				"url": {
					"raw": "localhost:8085/warehouseapi/v1/generateQrCode?unloading_id=UNLOD_002004",
					"host": [
						"localhost"
					],
					"port": "8085",
					"path": [
						"warehouseapi",
						"v1",
						"generateQrCode"
					],
					"query": [
						{
							"key": "unloading_id",
							"value": "UNLOD_002004"
						}
					]
				}
			},
			"response": []
		},
		{
			"name": "Get Job Details by Batch No",
			"protocolProfileBehavior": {
				"disableBodyPruning": true
			},
			"request": {
				"method": "GET",
				"header": [
					{
						"key": "token",
						"value": "123",
						"type": "text"
					}
				],
				"body": {
					"mode": "raw",
					"raw": " {\"pickup_date\":\"2022-10-07T09:24:55.027Z\",\"indent_no\":\"IND_00473\",\"consignment_type\":\"Normal\",\"consignment_dimension\":null,\"pickup_location\":\"Extended WH KM\",\"remarks\":\"\",\"delivery_location\":\"HYDERABAD\",\"indent_attachment\":\"test_indent_attachment\",\"warehouse_code\":\"WHJH001\",\"warehouse_location\":\"Extended WH KM\",\"createdby\":\"msr@tmilltd.com\",\"updatedby\":\"msr@tmilltd.com\",\"record_type_status\":\"a\",\"indent_transporter_date\":\"2022-10-07T09:24:55.025Z\",\"transporter_details\":[{\"transporter_id\":\"TRANSPORTER_00007\",\"transporter_name\":\"1\",\"vehicle_type\":\"Lorry_thin\",\"no_of_vehicles\":\"1\",\"quantity\":null,\"uom\":\"Set\",\"indent_transporter_no\":\"TRANSPORTER_00007\",\"email\":\"narasimhareddy.a@msr-it.com\"}]}",
					"options": {
						"raw": {
							"language": "json"
						}
					}
				},
				"url": {
					"raw": "localhost:8085/warehouseapi/v1/generateQrCode?unloading_id=UNLOD_002004",
					"host": [
						"localhost"
					],
					"port": "8085",
					"path": [
						"warehouseapi",
						"v1",
						"generateQrCode"
					],
					"query": [
						{
							"key": "unloading_id",
							"value": "UNLOD_002004"
						}
					]
				}
			},
			"response": []
		},
		{
			"name": "get_indent_for_loading",
			"protocolProfileBehavior": {
				"disableBodyPruning": true
			},
			"request": {
				"method": "GET",
				"header": [
					{
						"key": "token",
						"value": "123",
						"type": "text"
					}
				],
				"body": {
					"mode": "raw",
					"raw": " {\"pickup_date\":\"2022-10-07T09:24:55.027Z\",\"indent_no\":\"IND_00473\",\"consignment_type\":\"Normal\",\"consignment_dimension\":null,\"pickup_location\":\"Extended WH KM\",\"remarks\":\"\",\"delivery_location\":\"HYDERABAD\",\"indent_attachment\":\"test_indent_attachment\",\"warehouse_code\":\"WHJH001\",\"warehouse_location\":\"Extended WH KM\",\"createdby\":\"msr@tmilltd.com\",\"updatedby\":\"msr@tmilltd.com\",\"record_type_status\":\"a\",\"indent_transporter_date\":\"2022-10-07T09:24:55.025Z\",\"transporter_details\":[{\"transporter_id\":\"TRANSPORTER_00007\",\"transporter_name\":\"1\",\"vehicle_type\":\"Lorry_thin\",\"no_of_vehicles\":\"1\",\"quantity\":null,\"uom\":\"Set\",\"indent_transporter_no\":\"TRANSPORTER_00007\",\"email\":\"narasimhareddy.a@msr-it.com\"}]}",
					"options": {
						"raw": {
							"language": "json"
						}
					}
				},
				"url": {
					"raw": "localhost:8085/warehouseapi/v1/get_indent_for_loading?indent_no=IND_00488",
					"host": [
						"localhost"
					],
					"port": "8085",
					"path": [
						"warehouseapi",
						"v1",
						"get_indent_for_loading"
					],
					"query": [
						{
							"key": "indent_no",
							"value": "IND_00488"
						}
					]
				}
			},
			"response": []
		},
		{
			"name": "GET Indent",
			"protocolProfileBehavior": {
				"disableBodyPruning": true
			},
			"request": {
				"method": "GET",
				"header": [
					{
						"key": "token",
						"value": "123",
						"type": "text"
					}
				],
				"body": {
					"mode": "raw",
					"raw": " {\"pickup_date\":\"2022-10-07T09:24:55.027Z\",\"indent_no\":\"IND_00473\",\"consignment_type\":\"Normal\",\"consignment_dimension\":null,\"pickup_location\":\"Extended WH KM\",\"remarks\":\"\",\"delivery_location\":\"HYDERABAD\",\"indent_attachment\":\"test_indent_attachment\",\"warehouse_code\":\"WHJH001\",\"warehouse_location\":\"Extended WH KM\",\"createdby\":\"msr@tmilltd.com\",\"updatedby\":\"msr@tmilltd.com\",\"record_type_status\":\"a\",\"indent_transporter_date\":\"2022-10-07T09:24:55.025Z\",\"transporter_details\":[{\"transporter_id\":\"TRANSPORTER_00007\",\"transporter_name\":\"1\",\"vehicle_type\":\"Lorry_thin\",\"no_of_vehicles\":\"1\",\"quantity\":null,\"uom\":\"Set\",\"indent_transporter_no\":\"TRANSPORTER_00007\",\"email\":\"narasimhareddy.a@msr-it.com\"}]}",
					"options": {
						"raw": {
							"language": "json"
						}
					}
				},
				"url": {
					"raw": "localhost:8085/warehouseapi/v1/indent?indent_no=IND_00703",
					"host": [
						"localhost"
					],
					"port": "8085",
					"path": [
						"warehouseapi",
						"v1",
						"indent"
					],
					"query": [
						{
							"key": "indent_no",
							"value": "IND_00703"
						}
					]
				}
			},
			"response": []
		},
		{
			"name": "Search Indent",
			"protocolProfileBehavior": {
				"disableBodyPruning": true
			},
			"request": {
				"method": "GET",
				"header": [
					{
						"key": "token",
						"value": "123",
						"type": "text"
					}
				],
				"body": {
					"mode": "raw",
					"raw": " {\"pickup_date\":\"2022-10-07T09:24:55.027Z\",\"indent_no\":\"IND_00473\",\"consignment_type\":\"Normal\",\"consignment_dimension\":null,\"pickup_location\":\"Extended WH KM\",\"remarks\":\"\",\"delivery_location\":\"HYDERABAD\",\"indent_attachment\":\"test_indent_attachment\",\"warehouse_code\":\"WHJH001\",\"warehouse_location\":\"Extended WH KM\",\"createdby\":\"msr@tmilltd.com\",\"updatedby\":\"msr@tmilltd.com\",\"record_type_status\":\"a\",\"indent_transporter_date\":\"2022-10-07T09:24:55.025Z\",\"transporter_details\":[{\"transporter_id\":\"TRANSPORTER_00007\",\"transporter_name\":\"1\",\"vehicle_type\":\"Lorry_thin\",\"no_of_vehicles\":\"1\",\"quantity\":null,\"uom\":\"Set\",\"indent_transporter_no\":\"TRANSPORTER_00007\",\"email\":\"narasimhareddy.a@msr-it.com\"}]}",
					"options": {
						"raw": {
							"language": "json"
						}
					}
				},
				"url": {
					"raw": "localhost:8085/warehouseapi/v1/indent?indent_no=IND_00703",
					"host": [
						"localhost"
					],
					"port": "8085",
					"path": [
						"warehouseapi",
						"v1",
						"indent"
					],
					"query": [
						{
							"key": "indent_no",
							"value": "IND_00703"
						}
					]
				}
			},
			"response": []
		},
		{
			"name": "Get Dashboard",
			"protocolProfileBehavior": {
				"disableBodyPruning": true
			},
			"request": {
				"method": "GET",
				"header": [
					{
						"key": "token",
						"value": "123",
						"type": "text"
					}
				],
				"body": {
					"mode": "raw",
					"raw": " {\"pickup_date\":\"2022-10-07T09:24:55.027Z\",\"indent_no\":\"IND_00473\",\"consignment_type\":\"Normal\",\"consignment_dimension\":null,\"pickup_location\":\"Extended WH KM\",\"remarks\":\"\",\"delivery_location\":\"HYDERABAD\",\"indent_attachment\":\"test_indent_attachment\",\"warehouse_code\":\"WHJH001\",\"warehouse_location\":\"Extended WH KM\",\"createdby\":\"msr@tmilltd.com\",\"updatedby\":\"msr@tmilltd.com\",\"record_type_status\":\"a\",\"indent_transporter_date\":\"2022-10-07T09:24:55.025Z\",\"transporter_details\":[{\"transporter_id\":\"TRANSPORTER_00007\",\"transporter_name\":\"1\",\"vehicle_type\":\"Lorry_thin\",\"no_of_vehicles\":\"1\",\"quantity\":null,\"uom\":\"Set\",\"indent_transporter_no\":\"TRANSPORTER_00007\",\"email\":\"narasimhareddy.a@msr-it.com\"}]}",
					"options": {
						"raw": {
							"language": "json"
						}
					}
				},
				"url": {
					"raw": "localhost:8085/warehouseapi/v1/indent?indent_no=IND_00703",
					"host": [
						"localhost"
					],
					"port": "8085",
					"path": [
						"warehouseapi",
						"v1",
						"indent"
					],
					"query": [
						{
							"key": "indent_no",
							"value": "IND_00703"
						}
					]
				}
			},
			"response": []
		},
		{
			"name": "Secondary Grn NOS",
			"protocolProfileBehavior": {
				"disableBodyPruning": true
			},
			"request": {
				"method": "GET",
				"header": [
					{
						"key": "token",
						"value": "123",
						"type": "text"
					}
				],
				"body": {
					"mode": "raw",
					"raw": " {\"pickup_date\":\"2022-10-07T09:24:55.027Z\",\"indent_no\":\"IND_00473\",\"consignment_type\":\"Normal\",\"consignment_dimension\":null,\"pickup_location\":\"Extended WH KM\",\"remarks\":\"\",\"delivery_location\":\"HYDERABAD\",\"indent_attachment\":\"test_indent_attachment\",\"warehouse_code\":\"WHJH001\",\"warehouse_location\":\"Extended WH KM\",\"createdby\":\"msr@tmilltd.com\",\"updatedby\":\"msr@tmilltd.com\",\"record_type_status\":\"a\",\"indent_transporter_date\":\"2022-10-07T09:24:55.025Z\",\"transporter_details\":[{\"transporter_id\":\"TRANSPORTER_00007\",\"transporter_name\":\"1\",\"vehicle_type\":\"Lorry_thin\",\"no_of_vehicles\":\"1\",\"quantity\":null,\"uom\":\"Set\",\"indent_transporter_no\":\"TRANSPORTER_00007\",\"email\":\"narasimhareddy.a@msr-it.com\"}]}",
					"options": {
						"raw": {
							"language": "json"
						}
					}
				},
				"url": {
					"raw": "localhost:8085/warehouseapi/v1/get_secondary_sap_grn_nos?warehouse_code=WHJH001",
					"host": [
						"localhost"
					],
					"port": "8085",
					"path": [
						"warehouseapi",
						"v1",
						"get_secondary_sap_grn_nos"
					],
					"query": [
						{
							"key": "warehouse_code",
							"value": "WHJH001"
						}
					]
				}
			},
			"response": []
		},
		{
			"name": "secondary sap grn bulk uploaf",
			"request": {
				"method": "POST",
				"header": [
					{
						"key": "token",
						"value": "123",
						"type": "text"
					}
				],
				"body": {
					"mode": "raw",
					"raw": "{\r\n    \"sap_grn_details\": [\r\n        {\r\n            \"secondary_grn_no\": \"SGRN_002378\",\r\n            \"umc_no\": 81000290,\r\n            \"unit_rate\": 48181.18,\r\n            \"material_value\": 83160.71,\r\n            \"sap_batch_no\": \"845\",\r\n            \"sap_grn_no\": 5422,\r\n            \"sap_grn_date\": \"1/17/2023\"\r\n        },\r\n        {\r\n            \"secondary_grn_no\": \"SGRN_002378\",\r\n            \"umc_no\": 81000290,\r\n            \"unit_rate\": 48181.18,\r\n            \"material_value\": 83160.71,\r\n            \"sap_batch_no\": 5225,\r\n            \"sap_grn_no\": 215,\r\n            \"sap_grn_date\": \"1/17/2023\"\r\n        }\r\n    ],\r\n    \"warehouse_code\": \"WHJH004\",\r\n    \"createdby\": \"msr@tmilltd.com\"\r\n}",
					"options": {
						"raw": {
							"language": "json"
						}
					}
				},
				"url": {
					"raw": "localhost:8085/warehouseapi/v1/secondarysapgrn",
					"host": [
						"localhost"
					],
					"port": "8085",
					"path": [
						"warehouseapi",
						"v1",
						"secondarysapgrn"
					]
				}
			},
			"response": []
		},
		{
			"name": "Download Secondary Grn NOS",
			"protocolProfileBehavior": {
				"disableBodyPruning": true
			},
			"request": {
				"method": "GET",
				"header": [
					{
						"key": "token",
						"value": "123",
						"type": "text"
					}
				],
				"body": {
					"mode": "raw",
					"raw": " {\"pickup_date\":\"2022-10-07T09:24:55.027Z\",\"indent_no\":\"IND_00473\",\"consignment_type\":\"Normal\",\"consignment_dimension\":null,\"pickup_location\":\"Extended WH KM\",\"remarks\":\"\",\"delivery_location\":\"HYDERABAD\",\"indent_attachment\":\"test_indent_attachment\",\"warehouse_code\":\"WHJH001\",\"warehouse_location\":\"Extended WH KM\",\"createdby\":\"msr@tmilltd.com\",\"updatedby\":\"msr@tmilltd.com\",\"record_type_status\":\"a\",\"indent_transporter_date\":\"2022-10-07T09:24:55.025Z\",\"transporter_details\":[{\"transporter_id\":\"TRANSPORTER_00007\",\"transporter_name\":\"1\",\"vehicle_type\":\"Lorry_thin\",\"no_of_vehicles\":\"1\",\"quantity\":null,\"uom\":\"Set\",\"indent_transporter_no\":\"TRANSPORTER_00007\",\"email\":\"narasimhareddy.a@msr-it.com\"}]}",
					"options": {
						"raw": {
							"language": "json"
						}
					}
				},
				"url": {
					"raw": "localhost:8085/warehouseapi/v1/downloadsecondarysapgrnno?secondary_grn_no=SGRN_002334,SGRN_AG_1174",
					"host": [
						"localhost"
					],
					"port": "8085",
					"path": [
						"warehouseapi",
						"v1",
						"downloadsecondarysapgrnno"
					],
					"query": [
						{
							"key": "secondary_grn_no",
							"value": "SGRN_002334,SGRN_AG_1174"
						}
					]
				}
			},
			"response": []
		},
		{
			"name": "Download Unload Bin",
			"protocolProfileBehavior": {
				"disableBodyPruning": true
			},
			"request": {
				"method": "GET",
				"header": [
					{
						"key": "token",
						"value": "123",
						"type": "text"
					}
				],
				"body": {
					"mode": "raw",
					"raw": " {\"pickup_date\":\"2022-10-07T09:24:55.027Z\",\"indent_no\":\"IND_00473\",\"consignment_type\":\"Normal\",\"consignment_dimension\":null,\"pickup_location\":\"Extended WH KM\",\"remarks\":\"\",\"delivery_location\":\"HYDERABAD\",\"indent_attachment\":\"test_indent_attachment\",\"warehouse_code\":\"WHJH001\",\"warehouse_location\":\"Extended WH KM\",\"createdby\":\"msr@tmilltd.com\",\"updatedby\":\"msr@tmilltd.com\",\"record_type_status\":\"a\",\"indent_transporter_date\":\"2022-10-07T09:24:55.025Z\",\"transporter_details\":[{\"transporter_id\":\"TRANSPORTER_00007\",\"transporter_name\":\"1\",\"vehicle_type\":\"Lorry_thin\",\"no_of_vehicles\":\"1\",\"quantity\":null,\"uom\":\"Set\",\"indent_transporter_no\":\"TRANSPORTER_00007\",\"email\":\"narasimhareddy.a@msr-it.com\"}]}",
					"options": {
						"raw": {
							"language": "json"
						}
					}
				},
				"url": {
					"raw": "localhost:8085/warehouseapi/v1/downloadunloadbin?primary_grn_no=PGRN_002596",
					"host": [
						"localhost"
					],
					"port": "8085",
					"path": [
						"warehouseapi",
						"v1",
						"downloadunloadbin"
					],
					"query": [
						{
							"key": "primary_grn_no",
							"value": "PGRN_002596"
						}
					]
				}
			},
			"response": []
		},
		{
			"name": "getbookingidsbyumcindent",
			"protocolProfileBehavior": {
				"disableBodyPruning": true
			},
			"request": {
				"method": "GET",
				"header": [
					{
						"key": "token",
						"value": "123",
						"type": "text"
					}
				],
				"body": {
					"mode": "raw",
					"raw": " {\"pickup_date\":\"2022-10-07T09:24:55.027Z\",\"indent_no\":\"IND_00473\",\"consignment_type\":\"Normal\",\"consignment_dimension\":null,\"pickup_location\":\"Extended WH KM\",\"remarks\":\"\",\"delivery_location\":\"HYDERABAD\",\"indent_attachment\":\"test_indent_attachment\",\"warehouse_code\":\"WHJH001\",\"warehouse_location\":\"Extended WH KM\",\"createdby\":\"msr@tmilltd.com\",\"updatedby\":\"msr@tmilltd.com\",\"record_type_status\":\"a\",\"indent_transporter_date\":\"2022-10-07T09:24:55.025Z\",\"transporter_details\":[{\"transporter_id\":\"TRANSPORTER_00007\",\"transporter_name\":\"1\",\"vehicle_type\":\"Lorry_thin\",\"no_of_vehicles\":\"1\",\"quantity\":null,\"uom\":\"Set\",\"indent_transporter_no\":\"TRANSPORTER_00007\",\"email\":\"narasimhareddy.a@msr-it.com\"}]}",
					"options": {
						"raw": {
							"language": "json"
						}
					}
				},
				"url": {
					"raw": "localhost:8085/warehouseapi/v1/getbookingidsbyumcindent?indent_no=IND_00487&umc_no=umc_10_2",
					"host": [
						"localhost"
					],
					"port": "8085",
					"path": [
						"warehouseapi",
						"v1",
						"getbookingidsbyumcindent"
					],
					"query": [
						{
							"key": "indent_no",
							"value": "IND_00487"
						},
						{
							"key": "umc_no",
							"value": "umc_10_2"
						}
					]
				}
			},
			"response": []
		},
		{
			"name": "get_bin_details_from_job_pravesh",
			"protocolProfileBehavior": {
				"disableBodyPruning": true
			},
			"request": {
				"method": "GET",
				"header": [
					{
						"key": "token",
						"value": "123",
						"type": "text"
					}
				],
				"body": {
					"mode": "raw",
					"raw": " {\"pickup_date\":\"2022-10-07T09:24:55.027Z\",\"indent_no\":\"IND_00473\",\"consignment_type\":\"Normal\",\"consignment_dimension\":null,\"pickup_location\":\"Extended WH KM\",\"remarks\":\"\",\"delivery_location\":\"HYDERABAD\",\"indent_attachment\":\"test_indent_attachment\",\"warehouse_code\":\"WHJH001\",\"warehouse_location\":\"Extended WH KM\",\"createdby\":\"msr@tmilltd.com\",\"updatedby\":\"msr@tmilltd.com\",\"record_type_status\":\"a\",\"indent_transporter_date\":\"2022-10-07T09:24:55.025Z\",\"transporter_details\":[{\"transporter_id\":\"TRANSPORTER_00007\",\"transporter_name\":\"1\",\"vehicle_type\":\"Lorry_thin\",\"no_of_vehicles\":\"1\",\"quantity\":null,\"uom\":\"Set\",\"indent_transporter_no\":\"TRANSPORTER_00007\",\"email\":\"narasimhareddy.a@msr-it.com\"}]}",
					"options": {
						"raw": {
							"language": "json"
						}
					}
				},
				"url": {
					"raw": "localhost:8085/warehouseapi/v1/get_bin_details_from_job_pravesh?customer_name=Tata Steel Limited, Jamshedpur&activity_type=Domestic&umc_no=umc_10_2&createdby=MSR&warehouse_code=WH_00012&booking_id=bi_10_1",
					"host": [
						"localhost"
					],
					"port": "8085",
					"path": [
						"warehouseapi",
						"v1",
						"get_bin_details_from_job_pravesh"
					],
					"query": [
						{
							"key": "customer_name",
							"value": "Tata Steel Limited, Jamshedpur"
						},
						{
							"key": "activity_type",
							"value": "Domestic"
						},
						{
							"key": "umc_no",
							"value": "umc_10_2"
						},
						{
							"key": "createdby",
							"value": "MSR"
						},
						{
							"key": "warehouse_code",
							"value": "WH_00012"
						},
						{
							"key": "booking_id",
							"value": "bi_10_1"
						}
					]
				}
			},
			"response": []
		},
		{
			"name": "get detailsby bookingid primary",
			"protocolProfileBehavior": {
				"disableBodyPruning": true
			},
			"request": {
				"method": "GET",
				"header": [
					{
						"key": "token",
						"value": "123",
						"type": "text"
					}
				],
				"body": {
					"mode": "raw",
					"raw": " {\"pickup_date\":\"2022-10-07T09:24:55.027Z\",\"indent_no\":\"IND_00473\",\"consignment_type\":\"Normal\",\"consignment_dimension\":null,\"pickup_location\":\"Extended WH KM\",\"remarks\":\"\",\"delivery_location\":\"HYDERABAD\",\"indent_attachment\":\"test_indent_attachment\",\"warehouse_code\":\"WHJH001\",\"warehouse_location\":\"Extended WH KM\",\"createdby\":\"msr@tmilltd.com\",\"updatedby\":\"msr@tmilltd.com\",\"record_type_status\":\"a\",\"indent_transporter_date\":\"2022-10-07T09:24:55.025Z\",\"transporter_details\":[{\"transporter_id\":\"TRANSPORTER_00007\",\"transporter_name\":\"1\",\"vehicle_type\":\"Lorry_thin\",\"no_of_vehicles\":\"1\",\"quantity\":null,\"uom\":\"Set\",\"indent_transporter_no\":\"TRANSPORTER_00007\",\"email\":\"narasimhareddy.a@msr-it.com\"}]}",
					"options": {
						"raw": {
							"language": "json"
						}
					}
				},
				"url": {
					"raw": "localhost:8085/warehouseapi/v1/getdetailsbybookingidprimary?primary_grn_no=PGRN_002550&umc=umc_10_2&booking_id=bi_10_1&job_creation_details_id=51271&job_vehicle_details_id=17210",
					"host": [
						"localhost"
					],
					"port": "8085",
					"path": [
						"warehouseapi",
						"v1",
						"getdetailsbybookingidprimary"
					],
					"query": [
						{
							"key": "primary_grn_no",
							"value": "PGRN_002550"
						},
						{
							"key": "umc",
							"value": "umc_10_2"
						},
						{
							"key": "booking_id",
							"value": "bi_10_1"
						},
						{
							"key": "job_creation_details_id",
							"value": "51271"
						},
						{
							"key": "job_vehicle_details_id",
							"value": "17210"
						}
					]
				}
			},
			"response": []
		},
		{
			"name": "Get Po details By Consignee Name",
			"protocolProfileBehavior": {
				"disableBodyPruning": true
			},
			"request": {
				"method": "GET",
				"header": [
					{
						"key": "token",
						"value": "123",
						"type": "text"
					}
				],
				"body": {
					"mode": "raw",
					"raw": " {\"pickup_date\":\"2022-10-07T09:24:55.027Z\",\"indent_no\":\"IND_00473\",\"consignment_type\":\"Normal\",\"consignment_dimension\":null,\"pickup_location\":\"Extended WH KM\",\"remarks\":\"\",\"delivery_location\":\"HYDERABAD\",\"indent_attachment\":\"test_indent_attachment\",\"warehouse_code\":\"WHJH001\",\"warehouse_location\":\"Extended WH KM\",\"createdby\":\"msr@tmilltd.com\",\"updatedby\":\"msr@tmilltd.com\",\"record_type_status\":\"a\",\"indent_transporter_date\":\"2022-10-07T09:24:55.025Z\",\"transporter_details\":[{\"transporter_id\":\"TRANSPORTER_00007\",\"transporter_name\":\"1\",\"vehicle_type\":\"Lorry_thin\",\"no_of_vehicles\":\"1\",\"quantity\":null,\"uom\":\"Set\",\"indent_transporter_no\":\"TRANSPORTER_00007\",\"email\":\"narasimhareddy.a@msr-it.com\"}]}",
					"options": {
						"raw": {
							"language": "json"
						}
					}
				},
				"url": {
					"raw": "localhost:8085/warehouseapi/v1/get",
					"host": [
						"localhost"
					],
					"port": "8085",
					"path": [
						"warehouseapi",
						"v1",
						"get"
					]
				}
			},
			"response": []
		},
		{
			"name": "get detailsby bookingid primary Copy",
			"protocolProfileBehavior": {
				"disableBodyPruning": true
			},
			"request": {
				"method": "GET",
				"header": [
					{
						"key": "token",
						"value": "123",
						"type": "text"
					}
				],
				"body": {
					"mode": "raw",
					"raw": " {\"pickup_date\":\"2022-10-07T09:24:55.027Z\",\"indent_no\":\"IND_00473\",\"consignment_type\":\"Normal\",\"consignment_dimension\":null,\"pickup_location\":\"Extended WH KM\",\"remarks\":\"\",\"delivery_location\":\"HYDERABAD\",\"indent_attachment\":\"test_indent_attachment\",\"warehouse_code\":\"WHJH001\",\"warehouse_location\":\"Extended WH KM\",\"createdby\":\"msr@tmilltd.com\",\"updatedby\":\"msr@tmilltd.com\",\"record_type_status\":\"a\",\"indent_transporter_date\":\"2022-10-07T09:24:55.025Z\",\"transporter_details\":[{\"transporter_id\":\"TRANSPORTER_00007\",\"transporter_name\":\"1\",\"vehicle_type\":\"Lorry_thin\",\"no_of_vehicles\":\"1\",\"quantity\":null,\"uom\":\"Set\",\"indent_transporter_no\":\"TRANSPORTER_00007\",\"email\":\"narasimhareddy.a@msr-it.com\"}]}",
					"options": {
						"raw": {
							"language": "json"
						}
					}
				},
				"url": {
					"raw": "localhost:8085/warehouseapi/v1/generateQrCode?unloading_id=UNLOD_002004",
					"host": [
						"localhost"
					],
					"port": "8085",
					"path": [
						"warehouseapi",
						"v1",
						"generateQrCode"
					],
					"query": [
						{
							"key": "unloading_id",
							"value": "UNLOD_002004"
						}
					]
				}
			},
			"response": []
		},
		{
			"name": "get detailsby bookingid primary Copy 2",
			"protocolProfileBehavior": {
				"disableBodyPruning": true
			},
			"request": {
				"method": "GET",
				"header": [
					{
						"key": "token",
						"value": "123",
						"type": "text"
					}
				],
				"body": {
					"mode": "raw",
					"raw": " {\"pickup_date\":\"2022-10-07T09:24:55.027Z\",\"indent_no\":\"IND_00473\",\"consignment_type\":\"Normal\",\"consignment_dimension\":null,\"pickup_location\":\"Extended WH KM\",\"remarks\":\"\",\"delivery_location\":\"HYDERABAD\",\"indent_attachment\":\"test_indent_attachment\",\"warehouse_code\":\"WHJH001\",\"warehouse_location\":\"Extended WH KM\",\"createdby\":\"msr@tmilltd.com\",\"updatedby\":\"msr@tmilltd.com\",\"record_type_status\":\"a\",\"indent_transporter_date\":\"2022-10-07T09:24:55.025Z\",\"transporter_details\":[{\"transporter_id\":\"TRANSPORTER_00007\",\"transporter_name\":\"1\",\"vehicle_type\":\"Lorry_thin\",\"no_of_vehicles\":\"1\",\"quantity\":null,\"uom\":\"Set\",\"indent_transporter_no\":\"TRANSPORTER_00007\",\"email\":\"narasimhareddy.a@msr-it.com\"}]}",
					"options": {
						"raw": {
							"language": "json"
						}
					}
				},
				"url": {
					"raw": "localhost:8085/warehouseapi/v1/generateQrCode?unloading_id=UNLOD_002004",
					"host": [
						"localhost"
					],
					"port": "8085",
					"path": [
						"warehouseapi",
						"v1",
						"generateQrCode"
					],
					"query": [
						{
							"key": "unloading_id",
							"value": "UNLOD_002004"
						}
					]
				}
			},
			"response": []
		},
		{
			"name": "Get Space Cert",
			"protocolProfileBehavior": {
				"disableBodyPruning": true
			},
			"request": {
				"method": "GET",
				"header": [
					{
						"key": "token",
						"value": "123",
						"type": "text"
					}
				],
				"body": {
					"mode": "raw",
					"raw": "{\r\n    \"boe_no\":[\"SWJ/6436/22-23\",\"SWJ/6171/22-23\"],\r\n    \"warehouse_code\":\"WHJH001\",\r\n    \"createdby\":\"Admin\"\r\n}",
					"options": {
						"raw": {
							"language": "json"
						}
					}
				},
				"url": {
					"raw": "localhost:8085/warehouseapi/v1/spacecertificate?warehouse_code=WHJH001",
					"host": [
						"localhost"
					],
					"port": "8085",
					"path": [
						"warehouseapi",
						"v1",
						"spacecertificate"
					],
					"query": [
						{
							"key": "warehouse_code",
							"value": "WHJH001"
						}
					]
				}
			},
			"response": []
		},
		{
			"name": "Vehicles By Job Id",
			"protocolProfileBehavior": {
				"disableBodyPruning": true
			},
			"request": {
				"method": "GET",
				"header": [
					{
						"key": "token",
						"value": "123",
						"type": "text"
					}
				],
				"body": {
					"mode": "raw",
					"raw": "{\r\n    \"boe_no\":[\"SWJ/6436/22-23\",\"SWJ/6171/22-23\"],\r\n    \"warehouse_code\":\"WHJH001\",\r\n    \"createdby\":\"Admin\"\r\n}",
					"options": {
						"raw": {
							"language": "json"
						}
					}
				},
				"url": {
					"raw": "localhost:8085/warehouseapi/v1/vehiclesbyjobid?job_id=JOB_00002670",
					"host": [
						"localhost"
					],
					"port": "8085",
					"path": [
						"warehouseapi",
						"v1",
						"vehiclesbyjobid"
					],
					"query": [
						{
							"key": "job_id",
							"value": "JOB_00002670"
						}
					]
				}
			},
			"response": []
		},
		{
			"name": "Primary GRN",
			"protocolProfileBehavior": {
				"disableBodyPruning": true
			},
			"request": {
				"method": "GET",
				"header": [
					{
						"key": "token",
						"value": "123",
						"type": "text"
					}
				],
				"body": {
					"mode": "raw",
					"raw": "{\r\n    \"boe_no\":[\"SWJ/6436/22-23\",\"SWJ/6171/22-23\"],\r\n    \"warehouse_code\":\"WHJH001\",\r\n    \"createdby\":\"Admin\"\r\n}",
					"options": {
						"raw": {
							"language": "json"
						}
					}
				},
				"url": {
					"raw": "localhost:8085/warehouseapi/v1/vehiclesbyjobid?job_id=JOB_00002670",
					"host": [
						"localhost"
					],
					"port": "8085",
					"path": [
						"warehouseapi",
						"v1",
						"vehiclesbyjobid"
					],
					"query": [
						{
							"key": "job_id",
							"value": "JOB_00002670"
						}
					]
				}
			},
			"response": []
		},
		{
			"name": "Get_pos_by_consignee_name_activity_types",
			"protocolProfileBehavior": {
				"disableBodyPruning": true
			},
			"request": {
				"method": "GET",
				"header": [
					{
						"key": "token",
						"value": "123",
						"type": "text"
					}
				],
				"body": {
					"mode": "raw",
					"raw": "{\r\n    \"boe_no\":[\"SWJ/6436/22-23\",\"SWJ/6171/22-23\"],\r\n    \"warehouse_code\":\"WHJH001\",\r\n    \"createdby\":\"Admin\"\r\n}",
					"options": {
						"raw": {
							"language": "json"
						}
					}
				},
				"url": {
					"raw": "localhost:8085/warehouseapi/v1/vehiclesbyjobid?job_id=JOB_00002670",
					"host": [
						"localhost"
					],
					"port": "8085",
					"path": [
						"warehouseapi",
						"v1",
						"vehiclesbyjobid"
					],
					"query": [
						{
							"key": "job_id",
							"value": "JOB_00002670"
						}
					]
				}
			},
			"response": []
		},
		{
			"name": "Unloading Update",
			"protocolProfileBehavior": {
				"disableBodyPruning": true
			},
			"request": {
				"method": "GET",
				"header": [
					{
						"key": "token",
						"value": "123",
						"type": "text"
					}
				],
				"body": {
					"mode": "raw",
					"raw": "{\r\n    \"boe_no\":[\"SWJ/6436/22-23\",\"SWJ/6171/22-23\"],\r\n    \"warehouse_code\":\"WHJH001\",\r\n    \"createdby\":\"Admin\"\r\n}",
					"options": {
						"raw": {
							"language": "json"
						}
					}
				},
				"url": {
					"raw": "localhost:8085/warehouseapi/v1/spacecertificate?warehouse_code=WHJH001",
					"host": [
						"localhost"
					],
					"port": "8085",
					"path": [
						"warehouseapi",
						"v1",
						"spacecertificate"
					],
					"query": [
						{
							"key": "warehouse_code",
							"value": "WHJH001"
						}
					]
				}
			},
			"response": []
		},
		{
			"name": "Get Indent Details",
			"protocolProfileBehavior": {
				"disableBodyPruning": true
			},
			"request": {
				"method": "GET",
				"header": [
					{
						"key": "token",
						"value": "123",
						"type": "text"
					}
				],
				"body": {
					"mode": "raw",
					"raw": "{\r\n    \"boe_no\":[\"SWJ/6436/22-23\",\"SWJ/6171/22-23\"],\r\n    \"warehouse_code\":\"WHJH001\",\r\n    \"createdby\":\"Admin\"\r\n}",
					"options": {
						"raw": {
							"language": "json"
						}
					}
				},
				"url": {
					"raw": "localhost:8085/warehouseapi/v1/indentdetails?indent_no=IND_00327",
					"host": [
						"localhost"
					],
					"port": "8085",
					"path": [
						"warehouseapi",
						"v1",
						"indentdetails"
					],
					"query": [
						{
							"key": "indent_no",
							"value": "IND_00327"
						}
					]
				}
			},
			"response": []
		},
		{
			"name": "Generate FormA Cert",
			"request": {
				"method": "POST",
				"header": [
					{
						"key": "token",
						"value": "123",
						"type": "text"
					}
				],
				"body": {
					"mode": "raw",
					"raw": "{\"warehouse_code\":\"WHJH002\",\"startdate\":\"2012-01-01\",\"enddate\":\"2022-09-05T00:00:00.000Z\"}",
					"options": {
						"raw": {
							"language": "json"
						}
					}
				},
				"url": {
					"raw": "localhost:8085/warehouseapi/v1/generateFormAPDF",
					"host": [
						"localhost"
					],
					"port": "8085",
					"path": [
						"warehouseapi",
						"v1",
						"generateFormAPDF"
					]
				}
			},
			"response": []
		},
		{
			"name": "Generate FormB Cert",
			"request": {
				"method": "POST",
				"header": [
					{
						"key": "token",
						"value": "123",
						"type": "text"
					}
				],
				"body": {
					"mode": "raw",
					"raw": "{\"warehouse_code\":\"WHJH002\",\"startdate\":\"2012-01-01\",\"enddate\":\"2022-09-05T00:00:00.000Z\"}",
					"options": {
						"raw": {
							"language": "json"
						}
					}
				},
				"url": {
					"raw": "localhost:8085/warehouseapi/v1/generateFormBPDF",
					"host": [
						"localhost"
					],
					"port": "8085",
					"path": [
						"warehouseapi",
						"v1",
						"generateFormBPDF"
					]
				}
			},
			"response": []
		},
		{
			"name": "uploadChailExcelMasterData",
			"request": {
				"method": "POST",
				"header": [
					{
						"key": "token",
						"value": "123",
						"type": "text"
					}
				],
				"body": {
					"mode": "raw",
					"raw": "{\"chail_master_list\":[{\"boe_no\":\"SWJ/123/22-23\",\"mode_of_transport\":\"Sea\",\"delivery_eta\":\"05-05-2022\",\"invoice_stn_weight\":\"850\",\"invoice_stn_weight_uom\":\"KGS\",\"type_of_consignment\":\"FCL\",\"invoice_stn_no\":\"N-F05414\",\"invoice_stn_date\":\"05-05-2022\",\"invoice_stn_value\":\"1027800.125\",\"no_of_packages\":\"10\",\"invoice_currency\":\"JPY\",\"type_of_boe\":\"Duty Unpaid\",\"boe_date\":\"05-05-2022\",\"custom_boe_no\":\"9319266\",\"custom_boe_date\":\"05-05-2022\",\"bond_no\":\"450\",\"bond_date\":\"05-05-2022\",\"assesable_value\":\"657242.41\",\"duty_assesed_value\":\"18-05-1927\",\"warehouse_keeper\":\"Joydeep Dutta\",\"local_bond_location\":\"JJP\",\"local_bond_code\":\"100\",\"package_uom\":\"Numbers\",\"exchange_rate\":\"100\",\"incoterm\":\"FOB\",\"job_description\":\"Narasimha\",\"bl_no\":\"bl_123\",\"container_no\":\"container_1, container2\"}],\"warehouse_code\":\"WHJH002\"}",
					"options": {
						"raw": {
							"language": "json"
						}
					}
				},
				"url": {
					"raw": "localhost:8085/warehouseapi/v1/customs",
					"host": [
						"localhost"
					],
					"port": "8085",
					"path": [
						"warehouseapi",
						"v1",
						"customs"
					]
				}
			},
			"response": []
		},
		{
			"name": "Customs",
			"request": {
				"method": "POST",
				"header": [
					{
						"key": "token",
						"value": "123",
						"type": "text"
					}
				],
				"body": {
					"mode": "raw",
					"raw": "{\r\n\r\n    \"custom_station_of_import\":\"test\",\r\n\"custom_station_of_import_code\":\"test\",\r\n\"description\":\"test\",\r\n\"warehouse_code\":\"WHJH002\",\r\n\"warehouse_location\":\"Bonded+WH+KM\",\r\n\"updatedby\":\"msr@tmilltd.com\",\r\n\"createdby\":\"msr@tmilltd.com\",\r\n\"record_type_status\":\"a\"\r\n}",
					"options": {
						"raw": {
							"language": "json"
						}
					}
				},
				"url": {
					"raw": "localhost:8085/warehouseapi/v1/customs",
					"host": [
						"localhost"
					],
					"port": "8085",
					"path": [
						"warehouseapi",
						"v1",
						"customs"
					]
				}
			},
			"response": []
		},
		{
			"name": "Get Bins BY UMC",
			"request": {
				"method": "GET",
				"header": [],
				"url": {
					"raw": "localhost:8085/warehouseapi/v1/getAllBinsByUMC?umc_no=Na_2&warehouse_code=WHJH002",
					"host": [
						"localhost"
					],
					"port": "8085",
					"path": [
						"warehouseapi",
						"v1",
						"getAllBinsByUMC"
					],
					"query": [
						{
							"key": "umc_no",
							"value": "Na_2"
						},
						{
							"key": "warehouse_code",
							"value": "WHJH002"
						}
					]
				}
			},
			"response": []
		},
		{
			"name": "Download Grn",
			"request": {
				"method": "GET",
				"header": [],
				"url": {
					"raw": "localhost:8085/warehouseapi/v1/downloadgrnreport?id=WHJH002&startdate=2021-07-01&enddate=2022-08-16",
					"host": [
						"localhost"
					],
					"port": "8085",
					"path": [
						"warehouseapi",
						"v1",
						"downloadgrnreport"
					],
					"query": [
						{
							"key": "id",
							"value": "WHJH002"
						},
						{
							"key": "startdate",
							"value": "2021-07-01"
						},
						{
							"key": "enddate",
							"value": "2022-08-16"
						}
					]
				}
			},
			"response": []
		},
		{
			"name": "Vivo Receipt Report",
			"request": {
				"method": "POST",
				"header": [],
				"body": {
					"mode": "raw",
					"raw": "{\r\n   \"id\":\"WH_00014\",\"startdate\":\"2022-10-01\",\"enddate\":\"2022-11-30\"\r\n}",
					"options": {
						"raw": {
							"language": "json"
						}
					}
				},
				"url": {
					"raw": "localhost:8085/warehouseapi/v1/vivoreceiptreport?id=WHJH002&startdate=2022-10-01&enddate=2022-11-30",
					"host": [
						"localhost"
					],
					"port": "8085",
					"path": [
						"warehouseapi",
						"v1",
						"vivoreceiptreport"
					],
					"query": [
						{
							"key": "id",
							"value": "WHJH002"
						},
						{
							"key": "startdate",
							"value": "2022-10-01"
						},
						{
							"key": "enddate",
							"value": "2022-11-30"
						}
					]
				}
			},
			"response": []
		},
		{
			"name": "Stock Report MMWH",
			"request": {
				"method": "POST",
				"header": [],
				"body": {
					"mode": "raw",
					"raw": "{\r\n   \"id\":\"WH_00014\"\r\n}",
					"options": {
						"raw": {
							"language": "json"
						}
					}
				},
				"url": {
					"raw": "localhost:8085/warehouseapi/v1/getstockreceiptbymmwh",
					"host": [
						"localhost"
					],
					"port": "8085",
					"path": [
						"warehouseapi",
						"v1",
						"getstockreceiptbymmwh"
					]
				}
			},
			"response": []
		},
		{
			"name": "Stock Report BOE",
			"request": {
				"method": "POST",
				"header": [],
				"body": {
					"mode": "raw",
					"raw": "{\r\n   \"id\":\"WHJH001\"\r\n}",
					"options": {
						"raw": {
							"language": "json"
						}
					}
				},
				"url": {
					"raw": "localhost:8085/warehouseapi/v1/getstockreceiptbyboe",
					"host": [
						"localhost"
					],
					"port": "8085",
					"path": [
						"warehouseapi",
						"v1",
						"getstockreceiptbyboe"
					]
				}
			},
			"response": []
		},
		{
			"name": "GRN Report",
			"request": {
				"method": "POST",
				"header": [],
				"body": {
					"mode": "raw",
					"raw": "{\r\n   \"id\":\"WHJH002\",\"startdate\":\"2022-10-01\",\"enddate\":\"2022-11-30\"\r\n}",
					"options": {
						"raw": {
							"language": "json"
						}
					}
				},
				"url": {
					"raw": "localhost:8085/warehouseapi/v1/vivoreceiptreport?id=WHJH002&startdate=2022-10-01&enddate=2022-11-30",
					"host": [
						"localhost"
					],
					"port": "8085",
					"path": [
						"warehouseapi",
						"v1",
						"vivoreceiptreport"
					],
					"query": [
						{
							"key": "id",
							"value": "WHJH002"
						},
						{
							"key": "startdate",
							"value": "2022-10-01"
						},
						{
							"key": "enddate",
							"value": "2022-11-30"
						}
					]
				}
			},
			"response": []
		},
		{
			"name": "Vivo Issue Report",
			"request": {
				"method": "POST",
				"header": [],
				"body": {
					"mode": "raw",
					"raw": "{\r\n   \"id\":\"WHJH002\",\"startdate\":\"2021-10-01\",\"enddate\":\"2022-11-30\"\r\n}",
					"options": {
						"raw": {
							"language": "json"
						}
					}
				},
				"url": {
					"raw": "localhost:8085/warehouseapi/v1/vivoissuereport?id=WHJH002&startdate=2022-10-01&enddate=2022-11-30",
					"host": [
						"localhost"
					],
					"port": "8085",
					"path": [
						"warehouseapi",
						"v1",
						"vivoissuereport"
					],
					"query": [
						{
							"key": "id",
							"value": "WHJH002"
						},
						{
							"key": "startdate",
							"value": "2022-10-01"
						},
						{
							"key": "enddate",
							"value": "2022-11-30"
						}
					]
				}
			},
			"response": []
		},
		{
			"name": "GI Report",
			"protocolProfileBehavior": {
				"disableBodyPruning": true
			},
			"request": {
				"method": "GET",
				"header": [],
				"body": {
					"mode": "raw",
					"raw": "{\r\n   \"id\":\"WHJH002\",\"startdate\":\"2021-10-01\",\"enddate\":\"2022-11-30\"\r\n}",
					"options": {
						"raw": {
							"language": "json"
						}
					}
				},
				"url": {
					"raw": "localhost:8085/warehouseapi/v1/gireport?id=WHJH002&startdate=2022-10-01&enddate=2022-11-30",
					"host": [
						"localhost"
					],
					"port": "8085",
					"path": [
						"warehouseapi",
						"v1",
						"gireport"
					],
					"query": [
						{
							"key": "id",
							"value": "WHJH002"
						},
						{
							"key": "startdate",
							"value": "2022-10-01"
						},
						{
							"key": "enddate",
							"value": "2022-11-30"
						}
					]
				}
			},
			"response": []
		},
		{
			"name": "GRN Report",
			"request": {
				"method": "POST",
				"header": [],
				"body": {
					"mode": "raw",
					"raw": "{\r\n   \"id\":\"WHJH004\"\r\n}",
					"options": {
						"raw": {
							"language": "json"
						}
					}
				},
				"url": {
					"raw": "localhost:8085/warehouseapi/v1/vivoreceiptreport",
					"host": [
						"localhost"
					],
					"port": "8085",
					"path": [
						"warehouseapi",
						"v1",
						"vivoreceiptreport"
					],
					"query": [
						{
							"key": "startdate",
							"value": "2022-10-01",
							"disabled": true
						},
						{
							"key": "enddate",
							"value": "2022-11-30",
							"disabled": true
						}
					]
				}
			},
			"response": []
		}
	]
}